,H,OMEGA_M,OMEGA_L,W0,WA,Z,ANGLE,ell0,ell1,ell2,ell3,ell4,ell5,ell6,ell7,ell8,ell9,ell10,ell11,ell12,ell13,ell14,ell15,ell16,ell17,ell18,ell19,ell20,ell21,ell22,ell23,ell24,ell25,ell26,ell27,ell28,ell29,ell30,ell31,ell32,ell33,ell34,ell35,ell36
0,0.72,0.3,0.7,-1.0,0.0,1.0,3.5,2.6385701550747684e-08,0.0,0.0,2.2569153493745783e-08,0.0,0.0,3.2436656616993676e-09,6.8537115182745575e-09,0.0,0.0,6.769154189786359e-09,1.8592821061753558e-09,1.6751676358820928e-09,3.9310519080673235e-09,2.6514791393092814e-09,2.147646655915521e-09,2.264875302649723e-09,1.8652186127259436e-09,1.3618458648519858e-09,1.5060274399543694e-09,1.7707599694391468e-09,1.01203878670934e-09,1.2603085883814483e-09,7.384919729556791e-10,7.925844128082668e-10,6.337388173802887e-10,5.782052516816142e-10,4.798125409877729e-10,3.931029058416444e-10,3.344692161776939e-10,3.0280466582576637e-10,2.3260336486913297e-10,2.0239655836952294e-10,1.4917335865655995e-10,1.417840750346905e-10,1.0149570835888792e-10,8.308501601811993e-11
0,0.72,0.3,0.7,-1.0,0.0,1.0,3.5,3.716203621842624e-08,0.0,0.0,1.238117363485335e-09,0.0,0.0,9.201602018171301e-09,1.128249534239516e-08,0.0,0.0,4.5054332314530634e-09,5.131613884198314e-09,4.278490945372996e-09,1.913161963858597e-09,1.926315728601823e-09,3.1526932046224035e-09,1.5840247373173332e-09,2.2717872786379677e-09,2.3696042826673128e-09,9.133627539698747e-10,1.842436004462304e-09,1.6191530638432568e-09,1.1661435155574229e-09,8.530476157416585e-10,7.859784204438263e-10,6.018362111039212e-10,5.897726526277268e-10,4.983516486001795e-10,4.281514731439679e-10,3.552820008433479e-10,2.7685357013019147e-10,2.491531419672374e-10,1.8012378456594494e-10,1.6078808492986878e-10,1.3398938065805048e-10,9.312004495066535e-11,8.1318281873628e-11
0,0.72,0.3,0.7,-1.0,0.0,1.0,3.5,1.4014316832338857e-08,0.0,0.0,1.2766297914688659e-08,0.0,0.0,2.456495837688633e-09,1.4198318405628385e-09,0.0,0.0,1.1251342643888567e-09,2.507610075542944e-09,3.104359401902574e-09,2.454914240756947e-09,1.8301300057125606e-09,1.8606683314756711e-09,1.5431984851853978e-09,1.3457734548428975e-09,2.0099534990509947e-09,2.07539314616223e-09,1.219252284715836e-09,9.379783385939122e-10,7.564995878215565e-10,6.968398938995797e-10,6.838855850541848e-10,6.668622658978974e-10,6.454332416358252e-10,4.008559460855624e-10,3.911014666912537e-10,3.065876898062036e-10,2.6815560979629113e-10,2.069721462548413e-10,1.7152488186221682e-10,1.4137429491218137e-10,1.2290613408585157e-10,9.445603872398438e-11,7.330261416345692e-11
0,0.72,0.3,0.7,-1.0,0.0,1.0,3.5,2.36675675202373e-09,0.0,0.0,1.1810871770921613e-08,0.0,0.0,8.806493720139725e-09,5.078197176011866e-09,0.0,0.0,4.0261464332942995e-09,5.417698611385214e-09,3.7110583883777634e-09,3.0744496782796224e-09,1.369921933466666e-09,2.233512169287428e-09,1.4723480550841134e-09,2.1816411588586667e-09,1.3126855135380405e-09,1.6055240908701912e-09,1.0099529782599533e-09,9.846586286414908e-10,7.213603107116545e-10,8.045748997759574e-10,8.170423761875508e-10,4.848960072994025e-10,5.436137321927744e-10,4.217154233451558e-10,3.895452567420191e-10,2.6766639415649026e-10,2.4596013345353345e-10,2.380105595859677e-10,1.893563681490159e-10,1.4036706745466897e-10,1.2659343544433301e-10,9.299833029196433e-11,7.566784890216784e-11
0,0.72,0.3,0.7,-1.0,0.0,1.0,3.5,1.881097314319002e-08,0.0,0.0,1.2338333036366319e-08,0.0,0.0,1.1719778768653229e-08,3.3346812084257373e-09,0.0,0.0,2.1635758339266676e-09,2.9809138414160244e-09,2.5469938666927543e-09,1.5758747817878198e-09,1.9674363452856376e-09,2.479310143778651e-09,1.877150454680989e-09,1.4364881490126132e-09,1.2183235501841131e-09,1.881707150497548e-09,1.4087176845605742e-09,8.569048615216656e-10,8.122837944434421e-10,6.107908524476409e-10,5.61758604706223e-10,7.576126517260066e-10,5.947719512713853e-10,4.3286832579702265e-10,3.892886853205818e-10,3.1512428898632824e-10,3.355136294162531e-10,2.1206372981966898e-10,2.0220114277146776e-10,1.757444278764929e-10,1.1763224873535117e-10,1.0444408119685711e-10,8.547745595032146e-11
0,0.72,0.3,0.7,-1.0,0.0,1.0,3.5,3.33809026967162e-09,0.0,0.0,6.575418018898094e-09,0.0,0.0,3.477691132121566e-09,5.040408978102092e-09,0.0,0.0,3.145569011752667e-09,4.468911955296889e-09,2.7827374203230342e-09,2.8196078782988733e-09,2.6794858687884338e-09,2.146948142894971e-09,1.7372781278592592e-09,8.874067224969468e-10,1.0442366309191064e-09,1.9863036193802916e-09,1.188267738025565e-09,7.698273082929036e-10,7.156125205818455e-10,8.220399263218893e-10,7.450017620866454e-10,5.918281416551038e-10,5.03470596288934e-10,5.299928601917302e-10,3.269970818498216e-10,3.260214342974388e-10,2.679492449251263e-10,2.0151164863650517e-10,1.9224424458133118e-10,1.609474104598108e-10,1.1392882079160041e-10,9.513486643354533e-11,7.433507546886703e-11
0,0.72,0.3,0.7,-1.0,0.0,1.0,3.5,7.41019382174494e-09,0.0,0.0,5.2463491073975894e-09,0.0,0.0,1.4383952207338768e-08,5.527970233456427e-09,0.0,0.0,2.114561073252832e-09,1.8238968735589433e-09,2.3411971970323986e-09,2.912659300140978e-09,1.5222521986065442e-09,2.1077559190843336e-09,3.556774940985761e-09,1.790583368750808e-09,1.8479372577475828e-09,1.7924380228686687e-09,9.357324005308884e-10,1.0259393198717146e-09,9.37021683103604e-10,6.896005709001635e-10,6.089422737386623e-10,7.033425639691155e-10,5.463426883508299e-10,4.842680941480867e-10,4.3947417794162147e-10,3.1040904195014993e-10,2.949872455171882e-10,2.4519803469013915e-10,1.9014828461159036e-10,1.7916063043431063e-10,1.3974556988895695e-10,9.966278018375869e-11,8.378268533459286e-11
0,0.72,0.3,0.7,-1.0,0.0,1.0,3.5,1.9273023671928963e-08,0.0,0.0,7.139140999663627e-09,0.0,0.0,5.132495898539811e-09,4.235771918333536e-09,0.0,0.0,2.957319176477502e-09,5.59928983116275e-09,3.8067625327577735e-09,2.9270657917191683e-09,2.1691862638635467e-09,1.3009723422629207e-09,1.7630563809876809e-09,1.999168976932697e-09,1.1431326770575927e-09,2.2471241654745103e-09,1.282515840334112e-09,1.0526584959278845e-09,1.1094344594337671e-09,6.215719123862266e-10,5.455627609633208e-10,5.417086536457005e-10,4.715198165031455e-10,4.5854415402892615e-10,3.2608198029003915e-10,2.938994134453733e-10,2.486044609758904e-10,2.189284335874836e-10,1.5891077383843443e-10,1.3244573093084335e-10,1.0504283667732519e-10,9.133978419419349e-11,7.358422949431841e-11
0,0.72,0.3,0.7,-1.0,0.0,1.0,3.5,2.380842579878429e-08,0.0,0.0,9.832540093618447e-09,0.0,0.0,1.3475513070424685e-08,7.240780907521127e-09,0.0,0.0,4.201929884218566e-09,3.621725602269375e-09,3.0942350386962857e-09,3.1105856462645086e-09,3.830115263163681e-09,2.6022745398889654e-09,3.6611193750302356e-09,2.3091743721553415e-09,2.396077811520439e-09,1.8550129915723443e-09,2.057517235501954e-09,1.6616417195744725e-09,9.845238467270937e-10,7.063649163319344e-10,8.512094358443308e-10,9.278457733987207e-10,8.093432987712099e-10,5.185872328170651e-10,4.5522375317960836e-10,3.885231377472002e-10,3.2673066539710194e-10,2.836310995206803e-10,2.1621757057411133e-10,1.6686996639993467e-10,1.43634693080019e-10,1.1540110999100012e-10,9.011602947248835e-11
0,0.72,0.3,0.7,-1.0,0.0,1.0,3.5,1.8101496139600152e-08,0.0,0.0,7.648181913091728e-09,0.0,0.0,4.68232495171636e-09,4.149144616194305e-09,0.0,0.0,9.178590343542292e-10,4.031262676758104e-09,1.7815840775694674e-09,1.7340270249348553e-09,1.4232230646191938e-09,2.250387012932336e-09,1.2898301715245435e-09,1.6734287111301222e-09,2.0813454248233645e-09,1.0536185784625854e-09,1.3992960139074644e-09,7.01588734170583e-10,1.1848588216904547e-09,8.844753388652418e-10,6.938370636942845e-10,5.835085228851376e-10,5.137989433325078e-10,5.585915783906522e-10,4.77734649298398e-10,4.3901512955416895e-10,3.0519688644822505e-10,2.628965929304557e-10,2.1912742194536167e-10,1.9994013965947173e-10,1.3580242800282797e-10,1.039521287623334e-10,8.727194361985331e-11
0,0.72,0.3,0.7,-1.0,0.0,1.0,3.5,1.2328270938859163e-08,0.0,0.0,1.3686193246398802e-08,0.0,0.0,8.43857571134426e-09,6.334784723980901e-09,0.0,0.0,3.606427866459192e-09,1.84535271847729e-09,6.433036807737905e-09,5.7742901520830475e-09,2.0962698672768667e-09,3.4788106942797703e-09,3.068555458758436e-09,2.3807948228169532e-09,2.818554677657609e-09,1.6627240061030732e-09,1.9131095991922955e-09,1.6970431571919573e-09,1.550249038335711e-09,1.0933988460092322e-09,1.0188429911043137e-09,7.990895677623813e-10,8.724434100793663e-10,6.411848054736052e-10,5.391985870220391e-10,4.2345610077516005e-10,3.6630632172182783e-10,2.922980304649566e-10,2.442672269623502e-10,2.1535877093922556e-10,1.5275648612045427e-10,1.2498052319791885e-10,1.040220790708177e-10
0,0.72,0.3,0.7,-1.0,0.0,1.0,3.5,6.583673088864105e-09,0.0,0.0,3.4381546202345045e-09,0.0,0.0,1.4622011639377664e-09,7.67530047088426e-09,0.0,0.0,1.123435083736542e-08,5.497299682402042e-09,3.3427297414329884e-09,3.060911594105313e-09,1.7111267470867237e-09,5.219039372820268e-09,4.802836540560422e-09,2.8509507325356925e-09,2.7675107008836736e-09,3.2716031527374177e-09,1.783101194894485e-09,2.04625419697897e-09,1.4034959536500067e-09,1.2375273243890807e-09,1.0202882389674261e-09,1.1518245630381958e-09,7.436477642111964e-10,6.344979252942461e-10,4.831659464076697e-10,4.125750725877373e-10,3.114529533233055e-10,2.781751798091246e-10,2.0930516110083036e-10,1.6269760122648613e-10,1.4203462998316142e-10,1.0867666546835773e-10,9.121267337837316e-11
0,0.72,0.3,0.7,-1.0,0.0,1.0,3.5,5.792760203515762e-09,0.0,0.0,6.493963102395942e-09,0.0,0.0,1.1568826953096101e-09,3.679254856345258e-09,0.0,0.0,4.4338555863714554e-09,1.965172415411031e-09,1.877591309579308e-09,3.99350507097577e-09,2.9157497507125924e-09,1.241026514056215e-09,2.3945264510442747e-09,1.8127142886823608e-09,1.9817560284090793e-09,1.5427545237971684e-09,1.0111698035280613e-09,1.3495655698362946e-09,1.1181494707670887e-09,8.403083676426258e-10,6.347532623950616e-10,7.078650407900801e-10,5.926895549988701e-10,3.8261430130363087e-10,3.3723636443427774e-10,3.3710468705717573e-10,2.8931034143425433e-10,2.437083780998853e-10,1.7065058699103508e-10,1.557734613046836e-10,1.2296155208096604e-10,9.598666084596373e-11,8.01715684326706e-11
0,0.72,0.3,0.7,-1.0,0.0,1.0,3.5,1.807597876416825e-08,0.0,0.0,1.9632347861347134e-08,0.0,0.0,2.9554954495315467e-09,6.2761960071056145e-09,0.0,0.0,4.438708110661075e-09,6.537878831308638e-09,3.992568648590386e-09,5.547851620076911e-09,3.0137768144310254e-09,3.0055210686160302e-09,1.1026650697758864e-09,2.3188663632746176e-09,2.5212460160170143e-09,1.6464070177703008e-09,1.150129664666195e-09,1.4626152135935894e-09,1.1631715510741702e-09,8.663659746772663e-10,7.794550717223818e-10,7.040473577550045e-10,5.743215569884571e-10,4.815977145556601e-10,3.8471607130952013e-10,3.036431882633421e-10,3.066464770721778e-10,2.3656226847324476e-10,1.8295889346325923e-10,1.6127417601221188e-10,1.330431542723462e-10,1.21811645732643e-10,8.45385291083286e-11
0,0.72,0.3,0.7,-1.0,0.0,1.0,3.5,2.9265240154732922e-09,0.0,0.0,9.62224224983019e-09,0.0,0.0,4.8012889125136244e-09,1.586645986685792e-09,0.0,0.0,1.676286572492364e-09,1.7557419981949722e-09,1.4627996734752425e-09,2.749666727481189e-09,3.4806461866755294e-09,2.5818952810269394e-09,1.2237041824755982e-09,2.0602541437710705e-09,9.58727491733249e-10,1.143532550722344e-09,1.0341662587658735e-09,9.350380149608893e-10,9.193270534557139e-10,7.312349635556724e-10,6.016012281217257e-10,6.325217946295698e-10,6.4578369330821e-10,4.5006614018979876e-10,3.4055221009507335e-10,3.6149576642441887e-10,2.6214137790816526e-10,2.140693611667458e-10,1.6500456959145667e-10,1.3140563424591008e-10,1.1718790443138347e-10,8.549844407916479e-11,7.667982999781002e-11
0,0.72,0.3,0.7,-1.0,0.0,1.0,3.5,1.522486205931962e-08,0.0,0.0,2.9366714442202115e-09,0.0,0.0,7.900584585893335e-09,4.662655112743927e-09,0.0,0.0,1.1215080396810644e-08,1.0164309391180574e-09,4.360024209118303e-09,1.9420091752520197e-09,2.0702849415058654e-09,2.0080991628994216e-09,1.928261160328443e-09,1.7508328915281162e-09,2.391176302380871e-09,1.6296754727439874e-09,1.1298511083475884e-09,9.68124994958464e-10,9.42503157034523e-10,1.055383836387382e-09,6.67274902788439e-10,6.820160729003458e-10,6.354235079969194e-10,5.015098205165721e-10,3.704646483981958e-10,3.414960176308652e-10,2.686787004700675e-10,2.342396004784549e-10,1.992199845817573e-10,1.4663894766099162e-10,1.298842369874726e-10,1.0150169150821542e-10,7.653830804617747e-11
0,0.72,0.3,0.7,-1.0,0.0,1.0,3.5,2.3922440157865566e-08,0.0,0.0,1.2910963565197827e-08,0.0,0.0,4.045327653313172e-09,2.3732230102573472e-09,0.0,0.0,8.0191142891383e-10,3.289744363966913e-09,1.6558607479668636e-09,2.646255874219515e-09,3.0890260868246048e-09,1.54769285488754e-09,2.156401099407748e-09,1.8858396733397576e-09,1.4855474355678371e-09,1.1179667325912069e-09,1.3824444659422288e-09,8.37508443006794e-10,1.0115803326422012e-09,8.204367236490349e-10,5.815738261002825e-10,5.586390526839228e-10,4.900883123107192e-10,3.670868603277917e-10,3.831933552965362e-10,2.836767933770515e-10,2.3633200520911786e-10,2.2052744400722724e-10,1.86938453097074e-10,1.4130775424667364e-10,1.2643264964188897e-10,9.051576751164264e-11,7.967527629266626e-11
0,0.72,0.3,0.7,-1.0,0.0,1.0,3.5,5.444512433307019e-09,0.0,0.0,2.8913412220535382e-08,0.0,0.0,2.4630248459702916e-09,9.793240676747193e-09,0.0,0.0,2.1269153620075226e-09,3.4644057195431473e-09,2.666380316743516e-09,2.9598556464806584e-09,4.0419469882637145e-09,3.273123347376382e-09,1.7164493022920128e-09,2.400861492912407e-09,1.5988146416811017e-09,1.3510983271237874e-09,1.4073457388748164e-09,1.265637612756914e-09,9.646721352055799e-10,8.824249388222326e-10,7.859657416804022e-10,5.604570810221241e-10,5.707535686237752e-10,5.019732317169164e-10,3.834975153687347e-10,3.799033870122303e-10,2.9064963761334113e-10,2.1811614380532797e-10,1.774741788001518e-10,1.495441500795848e-10,1.0981458782354738e-10,1.0260869450339753e-10,7.465910897873061e-11
0,0.72,0.3,0.7,-1.0,0.0,1.0,3.5,1.4600220041198069e-09,0.0,0.0,3.562878195482117e-09,0.0,0.0,5.069256811168666e-09,4.118859797654478e-09,0.0,0.0,7.565987488451734e-09,3.137510874668878e-09,2.515706873036664e-09,3.890631152606422e-09,2.9363291801279235e-09,2.662166431286025e-09,1.7484645011577832e-09,1.8705222737382346e-09,1.0540920705409972e-09,1.793469996369619e-09,1.1282317365234484e-09,1.074663305836482e-09,8.809071527111536e-10,8.816427524588306e-10,7.225904856329235e-10,5.899153991372582e-10,6.601954163252889e-10,5.14011551868373e-10,3.523473501988604e-10,2.915569832999599e-10,2.504821508140906e-10,2.356668033892442e-10,1.7890417182862395e-10,1.4526594241034934e-10,1.0907638215676092e-10,9.61485569878311e-11,8.018215534731703e-11
0,0.72,0.3,0.7,-1.0,0.0,1.0,3.5,3.53668265299068e-08,0.0,0.0,8.346883568994653e-09,0.0,0.0,6.424575556198291e-09,1.53809103586918e-08,0.0,0.0,2.9065400976741544e-09,2.2152447997834393e-09,2.228664920613219e-09,4.1759840218572306e-09,2.0084435240631907e-09,2.3725955157767543e-09,1.0965185573944353e-09,1.4179598380888846e-09,1.609483887645765e-09,1.850262830238334e-09,1.4519755949241456e-09,9.653081225478792e-10,6.9548164521384e-10,9.985673759115369e-10,6.29453071502629e-10,6.39136087376808e-10,7.586779870522095e-10,4.171643582137135e-10,3.9796257638669125e-10,3.6143787998703535e-10,2.7021735667741e-10,2.4586846665437264e-10,2.045690956777707e-10,1.739615809898343e-10,1.38291351954772e-10,1.0863369934624912e-10,8.395042072649435e-11
0,0.72,0.3,0.7,-1.0,0.0,1.0,3.5,1.910698948836508e-09,0.0,0.0,1.2977868767260059e-08,0.0,0.0,1.851001119007041e-09,5.077178424672614e-09,0.0,0.0,3.773780926393732e-09,2.8141006849809716e-09,1.3212594701566434e-09,2.0214498822152283e-09,2.4980184752970682e-09,1.892005660891776e-09,1.2518605099141536e-09,1.8029648825773949e-09,1.8117110807733618e-09,9.833812681173215e-10,1.2441216198999972e-09,1.209399087215375e-09,9.682451748709232e-10,1.0353406482284044e-09,7.839904688284709e-10,5.411069606377402e-10,5.787189032556291e-10,5.580658595182621e-10,4.867830070760822e-10,3.79712404314408e-10,3.016410695818366e-10,2.485528269478491e-10,1.835079707636814e-10,1.562504182303817e-10,1.257807155276968e-10,1.1531423687903918e-10,8.711288984299181e-11
0,0.72,0.3,0.7,-1.0,0.0,1.0,3.5,4.932015021446065e-09,0.0,0.0,2.1681165304604215e-08,0.0,0.0,1.7598547953281172e-08,4.056980807780224e-09,0.0,0.0,5.8279594517169925e-09,1.9083089228638537e-09,4.48445565235719e-09,3.241662986199589e-09,1.5486905998461183e-09,1.8903642149500903e-09,1.3687817783820587e-09,2.2632912216320344e-09,1.0971666518720884e-09,1.490629248608989e-09,1.5257546332334668e-09,9.653312066893019e-10,9.76402049047487e-10,8.444387629331909e-10,7.445299464766733e-10,6.241082482592692e-10,4.881664126781894e-10,4.707410835997717e-10,4.1159412755699254e-10,3.6552656357321604e-10,2.9345264766562463e-10,2.6015836045707844e-10,1.9749357620732796e-10,1.7123501097081132e-10,1.2677838460871585e-10,1.1242242002049962e-10,8.821213363834937e-11
0,0.72,0.3,0.7,-1.0,0.0,1.0,3.5,1.1366826700644322e-08,0.0,0.0,4.5537944260448946e-09,0.0,0.0,6.445053633720145e-10,5.436298670340603e-09,0.0,0.0,3.773341878584175e-09,4.081739620228977e-09,1.879518814303707e-09,1.9036457083476123e-09,3.1833075912478876e-09,1.651235361401767e-09,2.1172948305882276e-09,2.25447970048065e-09,9.548563044995164e-10,1.4805712778052583e-09,1.2893280588183417e-09,9.6328550999242e-10,8.90946134786391e-10,7.441148478199235e-10,6.561593631005081e-10,5.745798003528554e-10,5.827237055148785e-10,5.775190269072285e-10,3.367584882134151e-10,3.1502738738731173e-10,2.7920108752488424e-10,2.1774057264599193e-10,1.6929018262410475e-10,1.4662349603459782e-10,1.1527585972190156e-10,9.748485906679772e-11,7.378925893276701e-11
0,0.72,0.3,0.7,-1.0,0.0,1.0,3.5,2.434999029577274e-08,0.0,0.0,1.7782620918007455e-08,0.0,0.0,5.525029456973588e-09,2.8682564386077207e-09,0.0,0.0,9.913293958232027e-10,1.1482353356947895e-09,2.0073328922889405e-09,2.4228354416594362e-09,1.37307823893315e-09,3.3894175419786907e-09,1.623880766324152e-09,1.619133072268628e-09,1.7123084484507037e-09,1.3233986850703803e-09,1.4973803848437861e-09,1.0590644611812682e-09,7.402396819440803e-10,7.581600716459956e-10,6.062812640962783e-10,5.561606443843933e-10,5.180683732292455e-10,4.341603566703633e-10,3.5853152204091565e-10,3.4257537423028703e-10,2.329087852840697e-10,2.258503344945268e-10,1.7457785160633974e-10,1.355023020768355e-10,1.2121010992807937e-10,1.0106984762136312e-10,7.799236363141973e-11
0,0.72,0.3,0.7,-1.0,0.0,1.0,3.5,1.8381518624698244e-08,0.0,0.0,2.66205151192733e-08,0.0,0.0,1.6193898797427995e-08,2.9807185450577385e-09,0.0,0.0,9.656351672903333e-09,4.465486245007236e-09,1.6942903776787275e-09,3.1531200567585917e-09,2.9562482029755575e-09,3.1875542855672633e-09,1.689852062545023e-09,2.1314099214453644e-09,1.5745408982809476e-09,1.2316397252440874e-09,1.2355500261059214e-09,9.394039413291995e-10,1.0058979026291743e-09,7.06592826535322e-10,7.070167648039142e-10,6.264467380259102e-10,5.106001488887269e-10,3.874690568717834e-10,4.0605784469819236e-10,3.6261480192921006e-10,2.9461264794869956e-10,2.434380684737106e-10,1.970431968265305e-10,1.6235943441828333e-10,1.1460346911523342e-10,1.037044476892113e-10,7.631833354189821e-11
0,0.72,0.3,0.7,-1.0,0.0,1.0,3.5,6.589425098889643e-09,0.0,0.0,5.13755098011228e-09,0.0,0.0,6.17576648480791e-09,3.928019395412347e-09,0.0,0.0,7.1435028063282796e-09,5.967764271445182e-09,2.119537594270528e-09,2.6085871761358694e-09,3.6687468570912076e-09,2.2333022959220158e-09,2.5426185813550918e-09,1.9101772834177932e-09,1.4438991259566812e-09,1.7250938789266304e-09,1.4278023781428185e-09,9.903377570991854e-10,1.0174036361319764e-09,7.926153762084023e-10,7.163325514392226e-10,4.703399500146908e-10,5.772752002261943e-10,4.137709975992461e-10,3.986702220478811e-10,3.0510470310603824e-10,2.516422346145336e-10,2.1250255939605462e-10,1.8162787802669596e-10,1.4455129137665693e-10,1.1588244884238123e-10,8.921476487337789e-11,7.324544071075485e-11
0,0.72,0.3,0.7,-1.0,0.0,1.0,3.5,8.476140883793566e-09,0.0,0.0,1.1820028752703259e-08,0.0,0.0,4.675506192014258e-09,4.8453038822543105e-09,0.0,0.0,7.956844935711834e-09,3.22391295360738e-09,1.3143256466652905e-08,1.4427950108985608e-09,5.140877285400501e-09,2.2551611531455146e-09,2.2603528462539704e-09,1.5062950190510826e-09,1.1994552536052287e-09,1.5895817565202083e-09,1.4075910021229626e-09,7.948790944079594e-10,1.0530332277676252e-09,1.0095522637233205e-09,7.2994009671004e-10,9.231220280739078e-10,5.525253476272476e-10,4.927786860018714e-10,4.0642977895470335e-10,4.276240341597916e-10,3.2696018846770726e-10,2.7196466498508517e-10,2.25623198338896e-10,1.6497317420250688e-10,1.5015411436081466e-10,1.1076486336079864e-10,9.087329923868175e-11
0,0.72,0.3,0.7,-1.0,0.0,1.0,3.5,5.51148359327583e-08,0.0,0.0,1.263470319819408e-08,0.0,0.0,1.128399061560494e-08,1.1848245323902342e-08,0.0,0.0,6.025620569393652e-09,3.0085366902460614e-09,5.299855366903551e-09,4.214516142149896e-09,2.7434206898596386e-09,4.004330925436521e-09,2.1962925540578793e-09,2.245104097511057e-09,1.053044031476245e-09,2.338280109514838e-09,1.0122173045169939e-09,1.5014903844956141e-09,9.799701781009052e-10,9.087881700948519e-10,6.470211994705641e-10,7.046881265611362e-10,7.571900403113452e-10,5.633461784874166e-10,4.700338696702379e-10,3.495707086874572e-10,3.2621641491124325e-10,2.2099809955114215e-10,2.089431818628328e-10,1.6576849182433315e-10,1.3952564099025164e-10,1.1421828910844579e-10,8.239886336695184e-11
0,0.72,0.3,0.7,-1.0,0.0,1.0,3.5,1.1834666376897627e-08,0.0,0.0,4.790256804204596e-09,0.0,0.0,4.515530117019517e-09,1.4049719580388398e-08,0.0,0.0,4.269187753596896e-09,7.77321592949012e-09,4.161283848443545e-09,3.328832369810231e-09,3.4613008865361233e-09,1.9469571744712897e-09,2.4626251226972742e-09,1.696775353453583e-09,1.358606187811631e-09,1.2927609960490652e-09,1.021797699058687e-09,1.0486075176069593e-09,9.104192147850141e-10,5.973085728938702e-10,6.342875661790891e-10,5.496089168830228e-10,5.65851276264837e-10,4.5234565257552776e-10,4.4270465730721263e-10,3.482765345029296e-10,2.913209801684741e-10,2.056585188314868e-10,1.6885675142681567e-10,1.4957296121204755e-10,1.213933008816944e-10,1.0757259900308212e-10,8.134607156644569e-11
0,0.72,0.3,0.7,-1.0,0.0,1.0,3.5,2.027420981881684e-08,0.0,0.0,6.965142651686158e-09,0.0,0.0,2.6167048222033567e-09,6.48999160416919e-09,0.0,0.0,1.947266291030982e-09,4.868191305117044e-09,2.167418055422284e-09,1.7163484323788788e-09,6.756073794974615e-10,2.2007946972793257e-09,1.0960273357258963e-09,1.5488256672575287e-09,1.384967144170727e-09,9.221381293559344e-10,8.508235856340486e-10,9.88328507521015e-10,7.824860073422729e-10,7.07107794628809e-10,5.834174271375793e-10,5.710320334774053e-10,5.051816633394852e-10,3.0726188935308864e-10,3.1439695668762997e-10,3.07559756427516e-10,2.4513189242683413e-10,2.080682625508372e-10,1.683635357289193e-10,1.5346612602012392e-10,1.0883095132235561e-10,8.169240925959031e-11,7.025781236491417e-11
0,0.72,0.3,0.7,-1.0,0.0,1.0,3.5,2.126451601211126e-08,0.0,0.0,1.0069654672586158e-08,0.0,0.0,1.4396550242172586e-08,9.945988337393859e-09,0.0,0.0,4.781616091995467e-09,1.4735128543142898e-09,4.239629454173153e-09,2.2486889130796856e-09,3.299803252610603e-09,3.19544859671788e-09,1.8242005806738406e-09,1.108232380843835e-09,1.661071136323567e-09,2.1428487666676735e-09,1.623618223983136e-09,1.459722991694614e-09,7.807947869422807e-10,9.77336559667713e-10,7.729830657496791e-10,6.964634988581762e-10,5.713674227704822e-10,3.901843420654094e-10,3.4193124101103564e-10,2.577879933584762e-10,2.33000428519167e-10,1.9695934331792185e-10,1.7449847468435403e-10,1.4572269997775688e-10,1.1262183461582506e-10,9.016552180354573e-11,7.227798756650231e-11
0,0.72,0.3,0.7,-1.0,0.0,1.0,3.5,1.5698436313491952e-08,0.0,0.0,1.6212855599680643e-08,0.0,0.0,3.322756739663045e-09,7.450136545384615e-10,0.0,0.0,5.237565051092837e-09,5.165099977005142e-09,2.0779777357084494e-09,3.501932698884138e-09,1.2135787532360572e-09,2.4738114516204268e-09,2.9639442210272485e-09,2.046304062565115e-09,1.8740296627464263e-09,1.4697442631752847e-09,1.1829614509588449e-09,1.3448953820612332e-09,8.841939721261114e-10,8.059854505873456e-10,8.543452099953212e-10,6.46317953858982e-10,5.935920149332954e-10,5.146540393234896e-10,4.060488175945754e-10,3.7807462377986914e-10,3.073529695539552e-10,2.517245418535364e-10,2.1338018671793981e-10,1.7900193978195112e-10,1.3642224889987843e-10,1.1130913977220686e-10,8.866410744033936e-11
0,0.72,0.3,0.7,-1.0,0.0,1.0,3.5,6.277121826163938e-08,0.0,0.0,2.9158311480554363e-09,0.0,0.0,1.2405428936427251e-08,5.473528820131075e-09,0.0,0.0,7.819236994427241e-09,7.50754140685467e-09,2.1479690484041995e-09,4.0581965941508194e-09,6.161162197555673e-09,2.4379689712508333e-09,2.604906481994398e-09,3.165385815402623e-09,2.919256818837619e-09,1.1264475934838283e-09,1.714902434708559e-09,1.3414476056215145e-09,8.533506079151271e-10,1.1472551930521444e-09,9.905935727579411e-10,6.838646499900103e-10,7.185035367494789e-10,6.006612508115301e-10,4.5668170726951204e-10,4.2934295468829417e-10,3.508625086019891e-10,2.5535249449333006e-10,2.2201098766670654e-10,1.901373630210368e-10,1.466894185788096e-10,1.1106288924985039e-10,1.0217843966612494e-10
0,0.72,0.3,0.7,-1.0,0.0,1.0,3.5,1.94345719590394e-08,0.0,0.0,4.782734855387394e-09,0.0,0.0,5.621920613747721e-09,4.946617161306486e-09,0.0,0.0,7.716494425510351e-09,4.501868820043726e-09,4.170470234655261e-09,5.9291163916434504e-09,2.833397044559732e-09,1.9409810696187405e-09,2.5521686550739208e-09,1.9169430978016537e-09,1.807198744229931e-09,1.2811465288571006e-09,1.3201318948148277e-09,1.359548216019908e-09,1.4879150786427134e-09,1.2273019759103405e-09,8.078338873465157e-10,5.572062567770397e-10,6.497694771775885e-10,4.1575570457859084e-10,5.618909487819686e-10,3.922301615321226e-10,2.785068372932412e-10,2.707342797022967e-10,2.0607284551713957e-10,1.5885441828609983e-10,1.2094924242206283e-10,1.0289189744388644e-10,8.59117184184991e-11
0,0.72,0.3,0.7,-1.0,0.0,1.0,3.5,1.1677350486180876e-08,0.0,0.0,1.0516576055360596e-08,0.0,0.0,5.394153914021766e-09,1.3631656036167426e-08,0.0,0.0,8.655874644135705e-09,6.646152823597355e-09,3.536639374369846e-09,4.215526750529497e-09,3.2487229748312974e-09,3.4805785260989536e-09,2.6913412681947197e-09,2.178796027384689e-09,2.570506402510362e-09,2.0179727667508283e-09,1.5827461228912378e-09,1.3835439269081098e-09,1.0836169572543648e-09,8.289386822157694e-10,7.740785110053729e-10,7.080179918133493e-10,5.542041234074723e-10,4.70679578329436e-10,3.852735271004665e-10,4.0550454196218497e-10,2.9312079127927165e-10,2.4946863592610173e-10,1.9139375933530162e-10,1.7136686553428127e-10,1.4141672919446135e-10,1.0994273803254811e-10,8.846708653522117e-11
0,0.72,0.3,0.7,-1.0,0.0,1.0,3.5,1.123825980573582e-08,0.0,0.0,1.789473360544072e-08,0.0,0.0,1.0268197271808533e-09,3.6488676952280014e-09,0.0,0.0,3.5889055414354547e-09,3.869548990298593e-09,1.389081222365481e-09,2.369970342672056e-09,1.607155897149738e-09,1.1426167709733943e-09,6.487602103950825e-10,9.817337141839524e-10,9.331896981321985e-10,1.0495219283001002e-09,6.435252341331138e-10,5.928801675171127e-10,6.579387708233042e-10,5.822698584005741e-10,4.65152827296964e-10,5.07602856986776e-10,3.2807751613979436e-10,3.4417064937363895e-10,2.700284657595775e-10,2.1678436736842125e-10,1.896753259314372e-10,1.5644891052215543e-10,1.331560299671899e-10,1.1186297872806827e-10,9.691803581620825e-11,7.48662818770005e-11,5.93731867237083e-11
0,0.72,0.3,0.7,-1.0,0.0,1.0,3.5,3.9486458745009815e-08,0.0,0.0,9.191223314417314e-09,0.0,0.0,8.720738670102366e-09,5.071843814957392e-09,0.0,0.0,1.5936324908802843e-09,3.3521169233188047e-09,3.187383051905239e-09,1.709795657505843e-09,1.1818577967282257e-09,2.2282226121534144e-09,1.3677793475103179e-09,1.5926820714673816e-09,1.970466895204506e-09,1.2554579867784554e-09,1.0387288081857885e-09,1.1397894947719434e-09,7.702508609186188e-10,7.738308727965545e-10,5.481928564438132e-10,5.074420441181646e-10,4.6401846797193494e-10,4.0620564213805126e-10,3.9679257052962074e-10,3.162288211209282e-10,2.0967528843774965e-10,2.33224264841494e-10,1.6767580236941806e-10,1.4435151655185977e-10,1.1322507739125326e-10,9.515068591804854e-11,7.384425111902174e-11
0,0.72,0.3,0.7,-1.0,0.0,1.0,3.5,6.100124157109885e-09,0.0,0.0,6.178395829949833e-09,0.0,0.0,4.151007877339265e-09,5.2534363682200965e-09,0.0,0.0,2.9214306965834013e-09,6.082409895813935e-09,7.543858487774635e-09,2.116546028508367e-09,5.609795262496524e-09,2.5720013324035393e-09,3.888112192681486e-09,1.917253632299139e-09,2.6228286599688157e-09,1.7989120117656013e-09,1.2321297622416902e-09,1.0024235968903237e-09,1.0523506071020964e-09,8.397309371502991e-10,8.916901435193568e-10,6.613663354914735e-10,5.603103796946965e-10,5.094370375061683e-10,4.142259224960525e-10,3.603109931222868e-10,2.6014808392701556e-10,2.5478731566731213e-10,2.0205756363260764e-10,1.5446522780309826e-10,1.2882728487479242e-10,1.0299214188633397e-10,7.836908424961664e-11
0,0.72,0.3,0.7,-1.0,0.0,1.0,3.5,4.253027365908775e-09,0.0,0.0,3.581112577405409e-09,0.0,0.0,2.8505715754846407e-09,5.700394785730244e-09,0.0,0.0,5.875641662262483e-09,3.91936640510738e-09,5.843355160711563e-09,2.5652355415268142e-09,1.9972939428568093e-09,2.363158584875703e-09,1.4462124767676424e-09,1.8582322088119414e-09,1.6931209386149881e-09,9.777082869186918e-10,1.3884127780930347e-09,9.876663587852614e-10,8.312050586300361e-10,7.72939016040283e-10,7.27613022164697e-10,5.609619120122105e-10,5.216420736386849e-10,4.728317537019727e-10,3.8173249221324856e-10,3.563190213542336e-10,2.867654226963372e-10,2.4449081408166167e-10,1.8724625712557977e-10,1.6395279337975995e-10,1.3746192901145346e-10,1.0245523390151544e-10,8.512393646904245e-11
0,0.72,0.3,0.7,-1.0,0.0,1.0,3.5,1.0689090429683136e-08,0.0,0.0,3.657579698482418e-08,0.0,0.0,1.203071653385334e-08,5.223234835732656e-09,0.0,0.0,3.906644299573038e-09,4.269388555624471e-09,2.8579547657251488e-09,2.749592575333414e-09,1.7945896290325628e-09,9.951565880819276e-10,1.6966833213914612e-09,1.8339587609447842e-09,1.5320845939660394e-09,1.1713708181058358e-09,1.8078923161624809e-09,1.0928366625053408e-09,1.3574634892616098e-09,6.034138477023388e-10,7.520129014414714e-10,6.066629280607235e-10,6.006795260752387e-10,5.080034330686916e-10,4.575301766045755e-10,3.621915938850331e-10,2.8476005232901953e-10,2.2530879759258347e-10,1.9254871450648847e-10,1.6213944751470977e-10,1.2600453301870434e-10,1.0751000319827869e-10,8.699225077437221e-11
0,0.72,0.3,0.7,-1.0,0.0,1.0,3.5,5.469953756359877e-09,0.0,0.0,4.5820683383022216e-08,0.0,0.0,5.649074951406919e-09,1.030075757325745e-08,0.0,0.0,1.3974506740434357e-09,2.6557778282262164e-09,2.8963399024488983e-09,2.4159935572535554e-09,1.5647427220277607e-09,1.3845515325566237e-09,1.2190565575632902e-09,1.1921390515654332e-09,1.1296943833042554e-09,1.1989834609882637e-09,7.439099147652875e-10,7.382221369805007e-10,8.283415955750561e-10,7.036426103767437e-10,5.178966737033965e-10,5.659251971354501e-10,3.305628288324391e-10,3.956931902264931e-10,3.4072989324571253e-10,2.990605675419366e-10,2.2385649219633394e-10,2.067454788765668e-10,1.8114980772149455e-10,1.3851217700829208e-10,1.2265960944477498e-10,9.259241481255047e-11,7.519425045101629e-11
0,0.72,0.3,0.7,-1.0,0.0,1.0,3.5,8.082788196871084e-09,0.0,0.0,9.531399835456152e-09,0.0,0.0,8.164862416189858e-09,2.972805713686791e-09,0.0,0.0,2.627518163315831e-09,2.965099703429531e-09,1.230988612572918e-09,1.9680364515585703e-09,1.27935285478027e-09,2.452078612336727e-09,8.803253687626426e-10,1.4151833208612352e-09,9.582509989630962e-10,1.609610892025157e-09,1.0517563916650837e-09,8.814505515974107e-10,9.091261464195712e-10,7.358640011808575e-10,6.618785921886066e-10,6.936799385991729e-10,5.014634784272917e-10,4.2386334518361583e-10,4.27759194966218e-10,3.231972437040422e-10,2.880615469042018e-10,2.1999227696217057e-10,1.96724554273361e-10,1.5048257912850605e-10,1.287571132674739e-10,9.815806263531861e-11,8.207171920825823e-11
0,0.72,0.3,0.7,-1.0,0.0,1.0,3.5,2.1913291526173786e-08,0.0,0.0,7.945779806443373e-09,0.0,0.0,6.529099870149925e-09,8.715879795439121e-09,0.0,0.0,2.0197718829846803e-09,5.436773069311438e-09,6.997161755478484e-10,1.8239917371775037e-09,3.480992939057449e-09,2.491499410455089e-09,1.8575167492246083e-09,1.6712175871853014e-09,1.5822900376805232e-09,7.028118756223016e-10,1.061923478976243e-09,8.467181284277003e-10,8.957252796936955e-10,9.488845732480544e-10,1.0540579420362923e-09,5.9373398228039e-10,6.073044484469764e-10,3.9180898952023386e-10,4.1696922020899566e-10,3.7310329963910425e-10,2.836798782273448e-10,2.530883503256459e-10,1.8457452517191128e-10,1.4705478862045574e-10,1.2310969323483606e-10,1.0001860641271946e-10,7.999426170780927e-11
0,0.72,0.3,0.7,-1.0,0.0,1.0,3.5,8.781283900233757e-09,0.0,0.0,6.270971808331422e-09,0.0,0.0,6.382120174870182e-09,3.6109411615364286e-09,0.0,0.0,7.772073152168675e-10,4.567591083881071e-09,1.2646042917526194e-09,3.421819979966576e-09,1.7150116252498035e-09,2.2622539762821318e-09,1.906058073771524e-09,2.0662271394858993e-09,1.2513444252460882e-09,6.952657162821523e-10,1.0835908670202952e-09,8.63141518336889e-10,6.21686996971475e-10,7.848084218150429e-10,6.703335218082964e-10,6.495200391335586e-10,4.696161722582532e-10,5.250819289536645e-10,3.2640781449370575e-10,2.989225585427124e-10,2.599978524182716e-10,2.2220298739961694e-10,1.763348855156488e-10,1.406991494907341e-10,1.2272106286962025e-10,9.260029740062082e-11,7.419473216330376e-11
0,0.72,0.3,0.7,-1.0,0.0,1.0,3.5,2.5037748098971195e-09,0.0,0.0,1.77803046198239e-08,0.0,0.0,1.6252634549805796e-08,4.484673468815541e-09,0.0,0.0,2.6856592974728923e-09,3.817407781548421e-09,3.2931490813616997e-09,1.973948268719568e-09,4.089482772362857e-09,4.347295585161928e-09,1.9666349647049583e-09,1.5183789203830725e-09,1.37418528828978e-09,1.2483696118037614e-09,1.1327412726798845e-09,9.382934439700239e-10,7.810416194483939e-10,9.262765392733839e-10,5.393375258285297e-10,6.550228127457339e-10,4.81810637779861e-10,4.277191102787897e-10,3.732387875893163e-10,3.2729809723911794e-10,2.390395581407087e-10,2.0811037588381414e-10,1.6773304983656006e-10,1.314855554566542e-10,1.1627209377295488e-10,8.577016645933877e-11,7.467030376629989e-11
0,0.72,0.3,0.7,-1.0,0.0,1.0,3.5,3.0883216434447826e-08,0.0,0.0,1.900540369967614e-08,0.0,0.0,8.065752860517648e-09,2.690485701064001e-09,0.0,0.0,5.26419593508208e-09,2.635983893338059e-09,5.020837385072016e-10,2.8950409950883995e-09,2.3389410695180968e-09,2.470833470402392e-09,1.7567031467852803e-09,2.4009687073841882e-09,1.5021534675346279e-09,7.467990071855827e-10,6.518315083875911e-10,6.97541344815498e-10,9.41796247415878e-10,9.061337186576511e-10,3.9282347213272333e-10,6.266029037586394e-10,4.801842136675551e-10,3.68598506295623e-10,3.077924453346422e-10,2.431883740698476e-10,2.2806437246601123e-10,1.95934981443504e-10,1.576658945068833e-10,1.3418340763419692e-10,1.136445410989352e-10,8.667779959498071e-11,7.135568745302767e-11
0,0.72,0.3,0.7,-1.0,0.0,1.0,3.5,1.0304156849895668e-08,0.0,0.0,1.2278242669297787e-08,0.0,0.0,4.075387548017913e-09,2.861240746960969e-09,0.0,0.0,6.086334234519364e-09,6.930974396226317e-09,1.3883988158830272e-09,2.6582521196513503e-09,9.835232870103893e-10,3.438531032276754e-09,1.6676749647829288e-09,1.7115967926369636e-09,2.6903868539828834e-09,1.3699167852945741e-09,1.3985704211106906e-09,1.3315534505227466e-09,9.8091688316612e-10,8.509763185659337e-10,6.195241188861519e-10,5.617865355144557e-10,5.456289332969311e-10,4.831082963061463e-10,3.274727952312448e-10,2.953491736175301e-10,2.8665832840412166e-10,2.23862451670355e-10,1.809471845713955e-10,1.388087697131669e-10,1.1231742901531825e-10,9.45707787837925e-11,7.602245563246151e-11
0,0.72,0.3,0.7,-1.0,0.0,1.0,3.5,2.4023059257590602e-08,0.0,0.0,1.1799145956801769e-08,0.0,0.0,5.078725760339771e-09,3.1694872699140448e-09,0.0,0.0,5.239375949502428e-09,1.7774505428387844e-09,4.895044808309786e-09,4.4877355653295e-09,1.5612132497019995e-09,2.1365975242689525e-09,1.957939195089882e-09,1.6899684849601995e-09,1.7765467886933446e-09,7.861503740140671e-10,1.2577745670872303e-09,1.0570416831861779e-09,1.0866521136904556e-09,7.248747593172289e-10,7.685565143834724e-10,6.388818699398141e-10,5.826900140325153e-10,4.816852379806952e-10,4.323527203968556e-10,3.2474910964989214e-10,2.6595099617970734e-10,2.353180047552633e-10,2.189134363303382e-10,1.5140051422335827e-10,1.3770771985540344e-10,1.0288148607814671e-10,8.444131289952095e-11
0,0.72,0.3,0.7,-1.0,0.0,1.0,3.5,1.2389637410393841e-08,0.0,0.0,2.633861383894468e-08,0.0,0.0,3.890340694536596e-09,1.0898415408842056e-08,0.0,0.0,4.009156563789542e-09,2.4017838705930836e-09,1.6951154516015768e-09,2.798741551676526e-09,1.6769864022940724e-09,1.6034789311132924e-09,2.375637130098608e-09,2.5802296905714416e-09,1.8746269159619496e-09,1.5413815774534158e-09,1.4744919954282796e-09,1.2177555132166366e-09,8.392244780654443e-10,9.101025209605791e-10,7.554866557096718e-10,5.09919359108572e-10,5.328531678431364e-10,5.511276962889252e-10,3.603669506906e-10,3.0598314818587285e-10,2.6920591957646333e-10,2.488643902086754e-10,1.8960722184008121e-10,1.4826215811997102e-10,1.3248286034567018e-10,9.417271083564136e-11,7.700174417117406e-11
0,0.72,0.3,0.7,-1.0,0.0,1.0,3.5,7.223996361186317e-09,0.0,0.0,5.02421399510078e-09,0.0,0.0,2.8960025671837983e-09,7.139215565316472e-09,0.0,0.0,3.599849315642443e-09,2.259535849876902e-09,4.048990321493516e-09,2.4568156796946086e-09,1.2092857155758752e-09,2.562118221112107e-09,3.1207572240306045e-09,1.8290665178481475e-09,1.491188241936506e-09,1.6762182221130525e-09,1.6527021181944174e-09,1.342722282373792e-09,1.1716033939640126e-09,8.195598082536976e-10,7.549336863586065e-10,6.694940346131039e-10,5.984292198308614e-10,5.012812627982106e-10,5.043519018795855e-10,3.5860268911486403e-10,3.0786738948563314e-10,2.739549127379706e-10,2.156391236439482e-10,1.7373110201268461e-10,1.341004053271079e-10,1.1041151277319209e-10,8.592171030122186e-11
0,0.72,0.3,0.7,-1.0,0.0,1.0,3.5,1.7635862961160904e-09,0.0,0.0,3.0188228462231308e-09,0.0,0.0,2.97857519969305e-09,5.1039872402660676e-09,0.0,0.0,3.12903259852548e-09,1.286379869887231e-09,2.0042385539640154e-09,2.3586408437044726e-09,2.5943567114634688e-09,1.973392234408554e-09,1.4378733283304328e-09,8.604090508896638e-10,8.733261158536671e-10,1.0638366737447397e-09,9.366550981425225e-10,7.14798130306238e-10,5.560091775823041e-10,7.408853274504554e-10,7.267978417376924e-10,4.807590634293131e-10,4.751918886912292e-10,3.3427058069679205e-10,3.547000806369942e-10,2.685437078346856e-10,2.1193787997823412e-10,1.9033761916801208e-10,1.665113125013458e-10,1.3850800179773544e-10,9.958544473317007e-11,8.715948049515569e-11,6.965966021244639e-11
0,0.72,0.3,0.7,-1.0,0.0,1.0,3.5,5.969936396197485e-08,0.0,0.0,3.743324411178618e-09,0.0,0.0,1.0340347310582824e-09,4.1757607528376235e-09,0.0,0.0,4.561479663811647e-09,1.5824099529587983e-09,2.6624291936076554e-09,1.2439773828304849e-09,1.1307471343680005e-09,1.4310945708959948e-09,2.1340123889810585e-09,1.2291521937403882e-09,1.609161199842941e-09,1.1844722686448409e-09,1.1234180866381647e-09,8.99303163081428e-10,8.626812873780077e-10,9.021698663348969e-10,6.088623856647035e-10,4.6443894878026933e-10,4.4136080457854164e-10,4.1146476959388466e-10,3.853868202601126e-10,2.7868787977431743e-10,2.6214467168633693e-10,2.2997762075821144e-10,1.8047344765523308e-10,1.3605632668615832e-10,1.1557531740359168e-10,1.0010885118697932e-10,8.083696460443364e-11
0,0.72,0.3,0.7,-1.0,0.0,1.0,3.5,4.175218070153686e-09,0.0,0.0,5.768867058077514e-09,0.0,0.0,4.674619489705483e-09,4.981935306440582e-09,0.0,0.0,3.2679619017172263e-09,2.3613060121789006e-09,3.632995036724316e-09,2.901131817883541e-09,1.896699122370381e-09,1.874579246171577e-09,1.5093927475859424e-09,1.8520530822589555e-09,1.4541074655177518e-09,8.586984385718779e-10,6.338634933249764e-10,8.809893503324382e-10,9.265169806013019e-10,7.447989165634616e-10,5.692778273600323e-10,6.542929528479243e-10,4.5854901849548085e-10,3.857606456846676e-10,3.7112202802333654e-10,3.114231404518841e-10,2.6233393727074067e-10,1.7947147576228155e-10,1.7811306015439828e-10,1.3755344056403846e-10,1.0596424179753472e-10,8.937358138680232e-11,7.239354928988676e-11
0,0.72,0.3,0.7,-1.0,0.0,1.0,3.5,3.5581934371278284e-08,0.0,0.0,4.471509199583142e-09,0.0,0.0,5.501810719374617e-09,5.767665799411265e-09,0.0,0.0,5.827965715941621e-09,4.454761377316655e-09,3.645127299399451e-09,2.9735212429652734e-09,4.324970518692441e-09,2.313186462034938e-09,1.6067008598073874e-09,1.5087544812685459e-09,1.9107428517143277e-09,9.888237787999981e-10,1.827693217237342e-09,1.3436305204841053e-09,1.3804639360817151e-09,5.887462563029747e-10,1.087625579049997e-09,5.324269351961829e-10,7.077454870330927e-10,4.813115062620844e-10,4.712534124307273e-10,3.5854098003661826e-10,2.905802153222325e-10,2.755320281431294e-10,2.1442706756884727e-10,1.8071716281102955e-10,1.428070377079723e-10,1.1165852104346193e-10,8.270148056998035e-11
0,0.72,0.3,0.7,-1.0,0.0,1.0,3.5,3.63630002268516e-09,0.0,0.0,1.1188041654843407e-08,0.0,0.0,4.625056146432505e-09,1.0703757501275095e-08,0.0,0.0,3.5248119864116007e-09,3.344131658389548e-09,1.8789760075798543e-09,3.396440605462723e-09,1.196117080428412e-09,1.1347510211325031e-09,1.5100580584442247e-09,1.7891724410332311e-09,1.5449610021245196e-09,7.35572977465234e-10,1.466971912194963e-09,1.0978049810946196e-09,8.866217698745952e-10,7.436548422861698e-10,8.282411308331113e-10,5.063077248088975e-10,4.191235848191623e-10,3.970216616020889e-10,3.613682366553275e-10,3.160636109726861e-10,2.53326855246278e-10,2.0043971867462396e-10,1.6049938743103283e-10,1.5187114811768446e-10,1.0846642620117096e-10,9.16856342095136e-11,7.701226300754353e-11
0,0.72,0.3,0.7,-1.0,0.0,1.0,3.5,1.0143310120313638e-08,0.0,0.0,7.375600615685752e-09,0.0,0.0,1.1174482291886898e-08,1.668063966500354e-08,0.0,0.0,4.169529710231109e-09,3.2810983069672584e-09,8.850073326227588e-09,3.66583607649937e-09,2.1573365549095354e-09,3.734824294343472e-09,3.330272908664782e-09,1.693905702412179e-09,1.3369034079280113e-09,2.3273492211661746e-09,1.222892407464264e-09,1.1585924045567084e-09,9.65328373622643e-10,8.786217288688275e-10,9.172929792075026e-10,5.814692038287176e-10,5.788301307217965e-10,5.968066684751083e-10,4.0163448598387996e-10,3.551063002109602e-10,2.907835562415373e-10,2.381795713541226e-10,1.954243730340909e-10,1.6199898133268732e-10,1.3336067291471402e-10,1.1672705070946344e-10,8.269574450468279e-11
0,0.72,0.3,0.7,-1.0,0.0,1.0,3.5,1.8346332481560423e-08,0.0,0.0,2.9975538991224154e-09,0.0,0.0,9.699038606281155e-09,2.7923900343426346e-09,0.0,0.0,4.6291258902460095e-09,4.277021913110281e-09,2.512612547452397e-09,3.989876128284858e-09,2.3280224391465544e-09,1.3646696461301818e-09,7.822500665352103e-10,1.3239966826961252e-09,1.432704015396292e-09,1.577965748985614e-09,1.1477152926279761e-09,9.813195815808132e-10,6.199886552195426e-10,6.999731680373794e-10,6.218548062022923e-10,4.715274242394277e-10,4.569437337744874e-10,3.870705674272923e-10,3.259448704440053e-10,2.7510665677431816e-10,2.2697833067139697e-10,1.8346160151325215e-10,1.4687166394473189e-10,1.255473114037827e-10,1.047651448661196e-10,8.263012647613912e-11,6.315968071426361e-11
0,0.72,0.3,0.7,-1.0,0.0,1.0,3.5,4.527886602453466e-09,0.0,0.0,1.6106357300217223e-08,0.0,0.0,9.882767308064603e-09,4.393605537965452e-09,0.0,0.0,4.441047294769556e-09,4.676922098573205e-09,2.906189357819558e-09,2.049708744831701e-09,1.7870075134480326e-09,1.2443648178400697e-09,1.883956893212879e-09,1.295216178690867e-09,1.7356808553108616e-09,1.1392707284771982e-09,7.629132125065692e-10,1.0067382792686908e-09,8.415806005052834e-10,5.752813531649618e-10,8.991293359211253e-10,4.996629007802851e-10,4.780382494907204e-10,4.2137644160617864e-10,3.438089978934279e-10,3.0128955209199143e-10,2.615509347958624e-10,2.0779431460294912e-10,1.742422559219712e-10,1.507706724400593e-10,1.2414664594336844e-10,1.0167537988175576e-10,7.841421446170484e-11
0,0.72,0.3,0.7,-1.0,0.0,1.0,3.5,1.4689699436667647e-08,0.0,0.0,8.05026282407656e-09,0.0,0.0,1.403145622874361e-09,1.1223144341875855e-08,0.0,0.0,3.752085302055698e-09,2.7994183887687473e-09,2.812861374956639e-09,2.1561990489370263e-09,1.3205012829943817e-09,1.422022407416032e-09,2.301465540114738e-09,7.65748711648736e-10,8.390504043214281e-10,1.0338865811619684e-09,1.3619270432370774e-09,1.0804436730496024e-09,6.415080067398899e-10,8.566372439328037e-10,6.806372758617178e-10,5.63391515141456e-10,5.82983387176074e-10,4.5843285870786986e-10,3.296656501280675e-10,3.2851022251515446e-10,2.5040647088241204e-10,2.293245194604409e-10,1.7360789149522495e-10,1.5402664017776208e-10,1.1564881247929712e-10,1.028460417830777e-10,7.410453253846792e-11
0,0.72,0.3,0.7,-1.0,0.0,1.0,3.5,5.662564912433068e-09,0.0,0.0,5.657725579333728e-09,0.0,0.0,5.2361573751405535e-09,1.941540822319463e-09,0.0,0.0,5.035665938645659e-09,4.795253470525904e-09,5.784515976254914e-09,2.943466094830538e-09,3.1328867340027907e-09,3.89584922820403e-09,2.4280546122375324e-09,7.947222259138068e-10,2.0832249981547574e-09,1.1719034529637924e-09,1.3358556280017495e-09,1.3007034123857173e-09,1.1560664211309847e-09,6.773020593207187e-10,6.989169460488051e-10,6.43005955766359e-10,6.722384721886334e-10,3.964370606897729e-10,3.614713696177289e-10,3.786153970770165e-10,3.1864406850966293e-10,2.1773251812434026e-10,2.018597634868879e-10,1.5699291417920427e-10,1.3903379995717767e-10,1.0780667055911811e-10,8.757035959037224e-11
0,0.72,0.3,0.7,-1.0,0.0,1.0,3.5,3.485423785389431e-08,0.0,0.0,2.4745937224683564e-08,0.0,0.0,5.4710378845108415e-09,1.826425513692531e-08,0.0,0.0,7.663277747585447e-09,1.0526365805698623e-08,1.2575053916818887e-08,7.603264970084299e-09,4.8144086851996e-09,2.7955356829633843e-09,1.5150777275286827e-09,2.5983804306015443e-09,1.3961627865708697e-09,1.6759160220392488e-09,2.3396207608058153e-09,2.0630585385542577e-09,1.1463439644098595e-09,1.4164622851072517e-09,9.050752968530477e-10,7.996655407283215e-10,7.535156629339187e-10,5.976604251723634e-10,4.744726358659695e-10,4.1300610432302254e-10,3.3371690652467634e-10,2.9260509504409586e-10,2.121070392126416e-10,1.7816523619225495e-10,1.4646303844120608e-10,1.1262707655303562e-10,9.782108924795702e-11
0,0.72,0.3,0.7,-1.0,0.0,1.0,3.5,1.0006948983572286e-08,0.0,0.0,7.801622941911243e-09,0.0,0.0,2.1250102087809022e-09,2.809654515667112e-09,0.0,0.0,2.053577664282561e-09,6.999731695117496e-09,2.646306603322613e-09,3.6015934279551416e-09,2.682300743398371e-09,2.372842563769637e-09,1.3437124461514912e-09,1.3189289550002381e-09,1.8200024764164983e-09,1.5464839327591647e-09,1.5099671773368514e-09,1.208189660170517e-09,8.021644843968723e-10,8.034102049478779e-10,6.720367086553311e-10,4.590419835345453e-10,4.3939191956056267e-10,4.2395493327981736e-10,4.859448455863629e-10,2.8174940231899666e-10,2.4854499205069184e-10,2.1300820929436524e-10,1.615250623427376e-10,1.3345338560339755e-10,1.1281738231312845e-10,9.431026925079116e-11,7.257676230358625e-11
0,0.72,0.3,0.7,-1.0,0.0,1.0,3.5,3.3109788922128325e-09,0.0,0.0,5.585653055899982e-09,0.0,0.0,1.9133269311466355e-09,7.123211297318818e-09,0.0,0.0,3.310364218937662e-09,3.764119596578231e-09,1.803382992862262e-09,2.300044775213705e-09,1.5032309007226412e-09,1.6335299252449447e-09,1.30954815432604e-09,1.47367815098305e-09,1.7031924042523584e-09,9.915035821756425e-10,1.184744786318444e-09,9.6325973211616e-10,8.438165441741806e-10,7.855891079026674e-10,7.116802393912606e-10,7.010101770030565e-10,4.462868753069395e-10,3.5424507240539335e-10,3.850160377772957e-10,3.4739010920920303e-10,2.8198481197498637e-10,2.1882017134604773e-10,2.014061599458512e-10,1.5289292465080418e-10,1.1214477111562591e-10,1.0295140428633939e-10,7.31791428411342e-11
0,0.72,0.3,0.7,-1.0,0.0,1.0,3.5,5.936281496432647e-09,0.0,0.0,2.1363828987192983e-09,0.0,0.0,2.418583496833028e-09,4.890254657063307e-09,0.0,0.0,2.577546430537501e-09,3.4333345817039978e-09,4.033147796095429e-09,4.305532154222482e-09,1.861397958412672e-09,1.8130432002002347e-09,1.9499855486640152e-09,2.361656721324569e-09,1.2028083940893913e-09,1.9167161024774853e-09,9.709568816182063e-10,1.0290915256121224e-09,7.64879064294649e-10,7.586411184278944e-10,7.891014149912719e-10,6.398881681645953e-10,3.664573204904072e-10,4.982231001816148e-10,3.634824410884606e-10,3.3567484848930214e-10,2.915468003113991e-10,2.2893744921716382e-10,1.7781356655907228e-10,1.6082424022006498e-10,1.235870309692782e-10,1.0557780134020469e-10,7.363718557366688e-11
0,0.72,0.3,0.7,-1.0,0.0,1.0,3.5,5.941208559057918e-09,0.0,0.0,5.8199723337872216e-09,0.0,0.0,1.52780698992985e-08,3.034951909564821e-09,0.0,0.0,2.702202061120601e-09,2.4477341033449553e-09,1.9790304712290516e-09,9.651088829022463e-10,7.735547669164343e-10,1.8084368219945768e-09,6.363547013239635e-10,8.777620975792093e-10,9.038934716237279e-10,6.861129315854882e-10,8.1665674882075e-10,6.780893348953348e-10,5.587384957125117e-10,5.899448996803288e-10,5.122276340471668e-10,5.528847183312809e-10,4.038750470975136e-10,3.4598212463362525e-10,2.485397460801078e-10,2.7797894998031675e-10,2.356664444999221e-10,1.7880912111620477e-10,1.378193378201672e-10,1.1632605622123558e-10,9.618431430678486e-11,8.34299048442258e-11,6.525986399122677e-11
0,0.72,0.3,0.7,-1.0,0.0,1.0,3.5,1.8475996303207475e-08,0.0,0.0,7.618377154464037e-09,0.0,0.0,1.0532660688497114e-09,2.2342070115080503e-09,0.0,0.0,4.035490066205343e-09,1.3926739077443063e-09,2.4487584673834058e-09,9.135939717390948e-10,9.967214575902915e-10,2.100792490037065e-09,1.8819357448026022e-09,1.7433181139583494e-09,1.2766934737385296e-09,6.942451186822786e-10,9.265745457459605e-10,8.61299598638876e-10,7.156683990938829e-10,7.307452273444651e-10,5.73776309981564e-10,5.709747902754088e-10,4.97526165833484e-10,4.243451421667271e-10,3.7004543559057486e-10,2.7899329179546677e-10,2.4407129013676617e-10,1.952039871730476e-10,1.552937080519544e-10,1.364457060777779e-10,1.1469421538250568e-10,9.337327496184179e-11,7.262753797658329e-11
0,0.72,0.3,0.7,-1.0,0.0,1.0,3.5,4.270053107970072e-08,0.0,0.0,3.090969400844848e-09,0.0,0.0,4.39532357808246e-09,7.199719945618454e-09,0.0,0.0,4.691560559000373e-09,2.746969548226955e-09,4.866218078377477e-09,2.7042679445132138e-09,2.772446640113267e-09,1.452493819878706e-09,1.419055370324055e-09,2.322829528280805e-09,1.911556279946801e-09,1.0480761763542814e-09,1.8146064539865508e-09,8.928517606583157e-10,8.595491284123558e-10,8.138530447337331e-10,5.73428732556703e-10,5.481475999788416e-10,4.789795183475398e-10,4.490614080143303e-10,3.3220837789186125e-10,2.710383445835936e-10,2.675752126750919e-10,2.413317687635963e-10,1.8060282630648326e-10,1.365538234275185e-10,1.1617881711811368e-10,9.304968809498946e-11,6.779381911903e-11
0,0.72,0.3,0.7,-1.0,0.0,1.0,3.5,3.0530499484190936e-09,0.0,0.0,1.4221933673596307e-08,0.0,0.0,7.331827575853519e-09,6.1816842066752845e-09,0.0,0.0,4.73473376244578e-09,2.5994829895244126e-09,3.906521305369846e-09,1.4831531107440186e-09,2.0723159088918695e-09,1.37610648392714e-09,1.346689214502564e-09,1.142666183519164e-09,1.419751019110389e-09,1.2347436096560568e-09,7.792200479941821e-10,6.930080649053763e-10,8.455237846271228e-10,6.47194822595932e-10,4.0334928102736717e-10,4.5124051022557653e-10,5.345326170751082e-10,3.6301325290877444e-10,3.577080876626506e-10,2.6060486175985193e-10,2.3232387952071265e-10,1.9530221214096954e-10,1.5861213538295128e-10,1.4807854553091978e-10,1.1772100447135248e-10,9.30699168126379e-11,7.783913533128232e-11
0,0.72,0.3,0.7,-1.0,0.0,1.0,3.5,5.553690847566159e-10,0.0,0.0,9.544048716999364e-09,0.0,0.0,1.3956367592422406e-08,1.1531049692613166e-09,0.0,0.0,8.206190597404953e-09,3.6413096564139477e-09,2.6505679267512146e-09,2.948343557770899e-09,9.742759119353498e-10,1.2822307597187537e-09,1.898074314525284e-09,1.2981581121368353e-09,1.3297365625969546e-09,1.5437462961102134e-09,7.665452010702197e-10,8.50571736536407e-10,7.01418104215556e-10,5.946781361181348e-10,4.77802184584403e-10,5.074875112764825e-10,5.078909192784897e-10,3.4569901264019217e-10,3.5736428577970986e-10,2.9890160276535853e-10,2.7834131751472166e-10,2.0281614598694747e-10,1.6737867529318772e-10,1.5115899971252921e-10,1.1887016223712164e-10,9.262941220472344e-11,7.874410105110473e-11
0,0.72,0.3,0.7,-1.0,0.0,1.0,3.5,4.1512029766731564e-09,0.0,0.0,7.86961299140791e-09,0.0,0.0,4.890697089330754e-09,3.832186567601957e-09,0.0,0.0,3.001800671019078e-09,2.4462046281219706e-09,2.1697048035908394e-09,1.4906883744072577e-09,2.446364448413318e-09,2.1350440725469832e-09,1.6797745815191238e-09,1.2306346076373372e-09,7.500610862985318e-10,7.48875201754727e-10,8.918072474354738e-10,9.322876982062524e-10,7.41323179565446e-10,6.283587854428897e-10,5.560478245887269e-10,5.422979937725122e-10,4.876529552636786e-10,3.267000634904256e-10,3.377401981564098e-10,2.2808605127644654e-10,1.938007801537979e-10,1.7706577778192132e-10,1.5985730260840402e-10,1.1222942646812882e-10,1.0344036576563291e-10,8.505882976770142e-11,6.149134319999271e-11
0,0.72,0.3,0.7,-1.0,0.0,1.0,3.5,2.189354484451485e-08,0.0,0.0,1.2528526765825305e-08,0.0,0.0,1.5497275104098743e-08,4.408868091195513e-09,0.0,0.0,3.863123300345894e-09,2.2318777551408655e-09,5.047644694113399e-09,4.35110393048438e-09,5.93208842947379e-09,2.3841392027363827e-09,1.5010511410637204e-09,2.8778029670189924e-09,2.0622809542625096e-09,1.091038418739972e-09,1.0144911123894585e-09,1.1848319060453198e-09,1.2570348857718458e-09,9.757043379217841e-10,6.815477343828196e-10,7.100881131120938e-10,4.526992039845942e-10,4.915749873472851e-10,4.6392708978002717e-10,3.4501514629258913e-10,2.8534609620594716e-10,2.749538826886415e-10,2.2154703854363621e-10,1.5833596332905353e-10,1.333370492877385e-10,9.783570605803566e-11,8.50434429391424e-11
0,0.72,0.3,0.7,-1.0,0.0,1.0,3.5,7.269622109890598e-09,0.0,0.0,6.9736211386612225e-09,0.0,0.0,4.846948274981558e-09,1.8609310231799553e-08,0.0,0.0,1.1316744085010641e-08,1.1741760559756833e-08,6.315018552860319e-09,3.5001378705283704e-09,4.034785961818588e-09,4.157069435198816e-09,2.29855928840406e-09,2.6193931296573e-09,2.179761548334527e-09,2.6320910529552587e-09,1.3857321298094324e-09,1.1775753272613889e-09,1.083863927768865e-09,1.0496574828834577e-09,8.184451855003592e-10,5.858505989491394e-10,5.380406217257654e-10,4.250062551471215e-10,3.2424017063049716e-10,3.9759986615668415e-10,2.902626171921867e-10,2.0820377163100313e-10,1.8453688563204105e-10,1.7005525119984212e-10,1.1998518142089676e-10,9.861851532742123e-11,8.299910863776673e-11
0,0.72,0.3,0.7,-1.0,0.0,1.0,3.5,3.2691642680938145e-09,0.0,0.0,1.2419772513308507e-08,0.0,0.0,8.133971652572027e-09,7.90323409096913e-09,0.0,0.0,5.065497035641965e-09,6.1948403504458104e-09,3.57608062490532e-09,3.755857804526003e-09,1.3877946179067087e-09,1.7482824295851809e-09,1.3643775688859394e-09,2.420174461092914e-09,8.998331935758912e-10,1.0677561416149845e-09,1.4860566865198935e-09,9.76803725269682e-10,7.999008726055027e-10,7.343056918887509e-10,9.122644774053105e-10,5.285223357641079e-10,4.831571220167643e-10,3.2068137281412213e-10,3.437547990930433e-10,2.934700030918561e-10,2.601001528691957e-10,2.0266548448807879e-10,1.6202798161421526e-10,1.5051653475865854e-10,1.0819035803874999e-10,8.894557338467997e-11,7.143886151816047e-11
0,0.72,0.3,0.7,-1.0,0.0,1.0,3.5,8.425525474467952e-09,0.0,0.0,2.648989683460555e-10,0.0,0.0,2.477480485929486e-08,4.577160057154042e-09,0.0,0.0,6.8125670368444315e-09,1.3268923502240885e-09,1.4569570987390595e-09,4.814726687397352e-09,2.8965149163548834e-09,3.052759706163818e-09,2.659486123237848e-09,2.372049673316857e-09,2.297511756188358e-09,1.7482061747869798e-09,1.1650785645368975e-09,1.118558993275385e-09,9.660140475820577e-10,6.923938718299493e-10,8.745784661707404e-10,6.731023324920668e-10,5.63669293464859e-10,4.1810652182341034e-10,3.2270774269284283e-10,3.210461738619698e-10,2.473920753012359e-10,2.2001029027789e-10,1.8476949095995525e-10,1.5265613183198668e-10,1.1013401229250802e-10,8.612310418339636e-11,6.841680402131277e-11
0,0.72,0.3,0.7,-1.0,0.0,1.0,3.5,9.087460000744178e-09,0.0,0.0,7.079272937121449e-09,0.0,0.0,7.758257077035784e-09,6.517927262278414e-09,0.0,0.0,4.379768372612666e-09,2.7921996603617853e-09,3.97516200268481e-09,2.6068744782416186e-09,8.092381852040042e-10,2.7308227041810244e-09,2.8596696276499986e-09,1.1661765927000473e-09,1.322105628071795e-09,1.310130484198214e-09,8.791372437794211e-10,1.203533748219423e-09,7.545635705701271e-10,6.992347547403769e-10,6.280787706242703e-10,5.961673671738898e-10,4.613559086464629e-10,4.6331901685282974e-10,3.78103004522648e-10,3.18442926502729e-10,2.72948452634389e-10,2.3192961079291141e-10,1.8720829664976468e-10,1.43191058833786e-10,1.3561936123835337e-10,9.577896296362889e-11,8.631127450043672e-11
0,0.72,0.3,0.7,-1.0,0.0,1.0,3.5,3.3257252383319737e-08,0.0,0.0,4.8444976822753865e-09,0.0,0.0,9.096304259994067e-09,9.22560666069196e-09,0.0,0.0,2.3066054391457872e-09,3.883230586773106e-09,2.0307177135172242e-09,2.8616118836210304e-09,4.777156859202427e-09,2.942675393432477e-09,2.055918006553491e-09,1.5519929141128066e-09,1.5093367989783646e-09,9.98875857368107e-10,1.5970085448512147e-09,1.058374592188375e-09,7.555316382327522e-10,8.341152693742862e-10,6.142731008535015e-10,7.233990916524502e-10,4.90257277695467e-10,4.1578263323596133e-10,3.782699792531502e-10,3.3359943877173766e-10,2.8589719457535477e-10,2.3859358610182846e-10,1.955329174247162e-10,1.7344703198515642e-10,1.2386568235608578e-10,9.925390302296891e-11,8.893966650628174e-11
0,0.72,0.3,0.7,-1.0,0.0,1.0,3.5,5.666941589548477e-08,0.0,0.0,2.9769114452442947e-08,0.0,0.0,6.28340812014606e-09,1.3865124021013003e-08,0.0,0.0,2.8888893203459553e-09,6.139503986428766e-09,4.01298851023024e-09,3.3975553031267706e-09,2.0174528142929704e-09,2.0724381208914073e-09,1.2634408047708258e-09,1.960657983529522e-09,1.6103026095575088e-09,1.3116184415360605e-09,1.6327706222449258e-09,9.63193139086177e-10,9.537555936198216e-10,9.146427414153779e-10,6.065485910227813e-10,7.655974447875526e-10,5.431802674263571e-10,4.361582606287115e-10,4.313964958770615e-10,3.439240298832114e-10,3.051616209969677e-10,2.1751822145479692e-10,2.001593146379591e-10,1.747230382722189e-10,1.2896208138061973e-10,1.0528173507272656e-10,8.271221796632189e-11
0,0.72,0.3,0.7,-1.0,0.0,1.0,3.5,1.286717039397074e-08,0.0,0.0,4.5720195089989954e-09,0.0,0.0,8.767238578002798e-10,8.231438615314353e-09,0.0,0.0,4.178697672383293e-09,2.6307891103558934e-09,2.233637886983985e-09,1.6326857260469492e-09,2.1223694938513107e-09,9.91912475714036e-10,1.2341481617369033e-09,9.150320041025871e-10,1.4851625374054862e-09,6.644888521316227e-10,1.2456335781774605e-09,1.0454755894679367e-09,9.677941790320163e-10,5.479815093477156e-10,5.788559287004174e-10,5.274087025995286e-10,4.66417009153658e-10,4.319286964609537e-10,3.1752575935193296e-10,2.5942569066392177e-10,2.7410795947279676e-10,2.1129026303823568e-10,1.748095776514329e-10,1.3678320604109955e-10,1.1908758421277934e-10,9.131709316195726e-11,7.075963757336689e-11
0,0.72,0.3,0.7,-1.0,0.0,1.0,3.5,4.325700990319163e-08,0.0,0.0,1.450963318216707e-08,0.0,0.0,1.229020484489244e-09,4.518338953716636e-09,0.0,0.0,3.6330399382330854e-09,6.770540451885161e-09,1.7089536542030483e-09,2.9598116681673376e-09,5.600669716520742e-09,2.2400672264292354e-09,1.7833703064992155e-09,9.382979214620827e-10,1.0796042793972094e-09,7.322670062299723e-10,9.267598499461715e-10,8.696696064417229e-10,8.286446063885913e-10,6.350391077303696e-10,7.259010085256401e-10,5.237212606806485e-10,4.3871177614420133e-10,4.6527591576436283e-10,3.3518679053309477e-10,2.8782333525364326e-10,2.534313598364298e-10,1.9937501678052089e-10,1.602968599460538e-10,1.2942509148456315e-10,1.0564494472023789e-10,9.156454822301554e-11,7.135909731194219e-11
0,0.72,0.3,0.7,-1.0,0.0,1.0,3.5,3.393100330711184e-08,0.0,0.0,1.8583369699134804e-08,0.0,0.0,8.75240014351598e-09,7.194358653309741e-09,0.0,0.0,3.814812898403427e-09,4.1533331034514685e-09,2.406468227931426e-09,2.6490276833810184e-09,2.604880373313135e-09,1.8513800553384095e-09,3.0509525056206245e-09,1.9403157876865403e-09,1.44108394920243e-09,1.6405568586027443e-09,1.5722684558582936e-09,6.925598935783996e-10,1.0337557837943651e-09,6.709012059383885e-10,7.604108626081037e-10,6.474644921503347e-10,5.309654205951038e-10,4.50991576176948e-10,4.1801580629710305e-10,3.370891189695001e-10,2.824881615016588e-10,2.364851402147386e-10,1.9317931685089486e-10,1.797904656228412e-10,1.3576709431552523e-10,1.1067207064852244e-10,8.827106190810002e-11
0,0.72,0.3,0.7,-1.0,0.0,1.0,3.5,8.899684450419918e-09,0.0,0.0,5.83374484515626e-09,0.0,0.0,2.214329231496621e-09,3.000854874629131e-09,0.0,0.0,1.2241833969843163e-09,3.229394639713484e-09,1.7194334320497673e-09,1.5031257900587658e-09,1.2909415639453676e-09,1.3746472186115552e-09,1.1481689742866718e-09,1.576726164092421e-09,1.448269235577711e-09,7.727362265975225e-10,1.0503421889819737e-09,9.951427450259578e-10,5.558668177000641e-10,7.636194099572075e-10,6.507548468539538e-10,4.923282467650241e-10,4.763658014645788e-10,4.364962995104322e-10,3.4120988097164164e-10,3.0998912516266487e-10,2.2417168737662243e-10,2.0421477977283775e-10,1.6745017492568543e-10,1.3907516387193887e-10,1.2554979262494248e-10,9.234947652936876e-11,7.1475856719181e-11
0,0.72,0.3,0.7,-1.0,0.0,1.0,3.5,7.504322726282538e-09,0.0,0.0,1.1530722634957606e-08,0.0,0.0,5.222113592098572e-09,7.483485371134817e-09,0.0,0.0,1.8092073559732747e-09,9.045367574155746e-10,3.0947909957212244e-09,2.9240496039235996e-09,1.871586449777879e-09,3.5293582494696186e-09,1.9475936860780166e-09,1.37480458053581e-09,1.0452310893981322e-09,1.7120480055176139e-09,9.459247207447966e-10,1.7926176739716903e-09,9.290893309746191e-10,9.54234784067685e-10,8.19512106929722e-10,5.6166442364896e-10,4.841599830139942e-10,4.510405687234977e-10,3.423599014887752e-10,3.596506603758007e-10,2.8609545818539633e-10,2.128444637919651e-10,1.9914055634662704e-10,1.5367534094871728e-10,1.4014883538062213e-10,1.0454103761315677e-10,8.058897160524667e-11
0,0.72,0.3,0.7,-1.0,0.0,1.0,3.5,2.214323396714278e-09,0.0,0.0,8.349438897469539e-09,0.0,0.0,4.269571484017028e-09,4.511979847702221e-09,0.0,0.0,1.6338586061961436e-09,2.4929987369510773e-09,4.036685441002594e-09,1.7163962042954391e-09,9.580118565528037e-10,1.6597122356771042e-09,9.095403589879019e-10,1.4173572536261812e-09,1.4507362337556929e-09,1.4619357526230326e-09,1.1516638734670787e-09,7.562661896827212e-10,8.084911820874412e-10,7.793547192980638e-10,5.426121145812524e-10,4.2513898709758964e-10,4.1191465957434635e-10,3.545273449046876e-10,3.30616130395634e-10,2.679167641074089e-10,2.2260582991470716e-10,1.9516771378734111e-10,1.4245885276483397e-10,1.327337627268223e-10,1.0999252528342453e-10,8.868484308321922e-11,7.337153821911208e-11
0,0.72,0.3,0.7,-1.0,0.0,1.0,3.5,2.3390947130811742e-08,0.0,0.0,1.4453555165216783e-08,0.0,0.0,1.2958370964065453e-08,4.354262831035115e-09,0.0,0.0,4.267776650063256e-09,7.891054168485292e-09,2.6348976202392283e-09,3.2166432103553053e-09,3.1928097553954284e-09,2.2002324127876414e-09,1.331912756633512e-09,2.6022035417145606e-09,1.3689880067953725e-09,1.939593497190152e-09,1.3503056791847263e-09,1.2761518852083755e-09,6.874435585262238e-10,9.620282074077292e-10,8.394389323582981e-10,7.761921879586367e-10,5.646347434835745e-10,4.795349076289695e-10,3.908802739861705e-10,3.264070698484619e-10,2.543025190348716e-10,2.2618017947066656e-10,1.8524559254914951e-10,1.4045234956688458e-10,1.3255916425603666e-10,1.003351826428399e-10,8.249579124652136e-11
0,0.72,0.3,0.7,-1.0,0.0,1.0,3.5,1.3645955791009519e-08,0.0,0.0,2.7879517165264836e-09,0.0,0.0,4.14391746069599e-09,8.234629420301712e-09,0.0,0.0,9.491352785743347e-09,2.016355044965742e-09,3.510322339520546e-09,4.724010679819801e-09,4.585191525815602e-09,1.5509428587846603e-09,2.2198482057266675e-09,2.7878498992515968e-09,2.611007655331533e-09,2.222667622283073e-09,1.5067010717317572e-09,1.1517231148685843e-09,1.3040541744976176e-09,8.731943031831814e-10,1.0846822953940873e-09,6.416267168006375e-10,7.716333862953279e-10,6.348283889103987e-10,4.4926899315004743e-10,4.186568498758731e-10,3.473913287477041e-10,2.811200100387534e-10,2.2765156378934174e-10,1.8697229282495623e-10,1.5974962164327928e-10,1.219164307436104e-10,1.0170150982939409e-10
0,0.72,0.3,0.7,-1.0,0.0,1.0,3.5,1.3301046944898026e-08,0.0,0.0,9.747079407504383e-09,0.0,0.0,5.080720581610334e-09,1.699730501028886e-09,0.0,0.0,4.699797232602785e-09,3.908798740041237e-09,4.698198700216132e-09,2.4845557978761293e-09,2.684974657824214e-09,2.396791723549193e-09,1.6319462012199644e-09,2.0260094879278147e-09,1.2318569385032433e-09,1.3202068958180796e-09,1.1704982765614632e-09,9.789770279426185e-10,8.344244958060247e-10,7.486521788868879e-10,7.634308282035283e-10,6.279405763200197e-10,5.770910809341578e-10,4.398511878033451e-10,3.9828791965426106e-10,3.0146105502619754e-10,3.0582664116865043e-10,2.1405970321508702e-10,1.6849260311973785e-10,1.3755756240707242e-10,1.1566220721545353e-10,9.414200603586934e-11,7.284711003276588e-11
0,0.72,0.3,0.7,-1.0,0.0,1.0,3.5,3.498282767434853e-08,0.0,0.0,7.807984514700789e-09,0.0,0.0,3.2065248926098937e-09,6.81490881357126e-09,0.0,0.0,9.2914190886465e-09,2.2273820437847738e-09,8.926752072577384e-09,2.17254241590059e-09,3.80773393686611e-09,2.2893119697796e-09,1.6962582893691732e-09,2.1696823879305256e-09,1.721768896168198e-09,2.377296527663337e-09,1.5171699741133261e-09,1.3826065682484515e-09,1.1474813865625232e-09,9.28573637607192e-10,9.123301317937497e-10,6.975147309052784e-10,6.799751965802666e-10,5.456321370203174e-10,4.661326396943549e-10,3.6746003825758805e-10,3.027648339356463e-10,2.5761246586835334e-10,2.0819355065300378e-10,1.7069698884112394e-10,1.3433975553630143e-10,9.85796598593635e-11,8.649578842077393e-11
0,0.72,0.3,0.7,-1.0,0.0,1.0,3.5,6.70990889323595e-09,0.0,0.0,1.5168767347313644e-08,0.0,0.0,1.5408580092352382e-09,7.542557431157963e-09,0.0,0.0,3.3305672080311234e-09,4.699864608801774e-09,7.385498288079986e-09,2.5079241427035563e-09,4.0736231788065926e-09,2.82836334966604e-09,3.7141289909932852e-09,1.3260757617985758e-09,1.998051340728881e-09,1.8581692896437113e-09,1.2520852546595002e-09,1.2642433588341973e-09,1.1902084357690783e-09,7.314509967271789e-10,8.588604750559671e-10,6.841884945609472e-10,5.840120793080405e-10,5.657253700105928e-10,4.216757890062796e-10,3.2987583800134587e-10,2.758413382977738e-10,2.1828958142617427e-10,2.0706478450977655e-10,1.7027587907644393e-10,1.1741832982094623e-10,9.345379773970652e-11,7.746981247812981e-11
0,0.72,0.3,0.7,-1.0,0.0,1.0,3.5,1.671564854155356e-08,0.0,0.0,2.0891020440718407e-08,0.0,0.0,1.8564360145841887e-09,1.3653928691181096e-08,0.0,0.0,6.790617222919943e-09,3.0658195946700397e-09,3.086764113159283e-09,3.0692527570982668e-09,1.571009435364301e-09,2.703157395725235e-09,1.6831759747364292e-09,9.914583219404495e-10,1.6506994187655911e-09,1.815556973422694e-09,8.475084916672221e-10,1.2316631421122094e-09,9.64619600488496e-10,6.255979040600239e-10,7.459919616606032e-10,6.324283295467836e-10,4.716657618316216e-10,4.224874662565218e-10,3.5213067701158854e-10,3.3520848220271065e-10,3.04163675041453e-10,2.2481398153200647e-10,2.2297045298106555e-10,1.57132738317596e-10,1.2310527898270246e-10,1.0061194745791508e-10,8.16240457171587e-11
0,0.72,0.3,0.7,-1.0,0.0,1.0,3.5,1.1014693180011397e-08,0.0,0.0,6.333060933508428e-09,0.0,0.0,8.582673461334125e-09,8.166029526281579e-09,0.0,0.0,1.0330059344336875e-08,6.7790690778698626e-09,1.1042670536603434e-08,5.115733605170768e-09,2.826641862000812e-09,5.154983551885806e-09,2.4701422403884928e-09,2.709094449878247e-09,1.839901829478633e-09,1.4173950458293326e-09,1.3688883796061731e-09,1.0861806948802091e-09,1.1488772480914e-09,8.766111706190752e-10,6.762286262237656e-10,5.667993511537931e-10,5.528025981696736e-10,5.346785207180465e-10,4.332620161423065e-10,3.5678660135412327e-10,3.366464657218073e-10,2.659362796677993e-10,2.1130481980036032e-10,1.5961113462851497e-10,1.2516513645550924e-10,1.0076051883026777e-10,7.65995406858863e-11
0,0.72,0.3,0.7,-1.0,0.0,1.0,3.5,3.1298738220530775e-08,0.0,0.0,1.9816640553297455e-08,0.0,0.0,4.371631239651581e-09,6.04127905089973e-09,0.0,0.0,3.4358958594296696e-09,2.1457590956029092e-09,2.785917501471998e-09,2.1804585818159204e-09,1.883612049488462e-09,1.8417942502774083e-09,3.6537729349850452e-09,1.559158098826508e-09,1.052355199770271e-09,3.2229866897558384e-09,1.2581771987786217e-09,2.034441208284681e-09,1.0774048070283408e-09,9.769566071099772e-10,9.314846041333628e-10,9.520475810490768e-10,5.251953309201965e-10,4.765694353492145e-10,5.015788021145839e-10,3.868741336061312e-10,2.8757666534956646e-10,2.465380850663337e-10,2.4129715371325627e-10,1.667288862870546e-10,1.4676737466432666e-10,1.1380185426695981e-10,8.837564829890319e-11
0,0.72,0.3,0.7,-1.0,0.0,1.0,3.5,4.458639402485025e-08,0.0,0.0,1.719886255279279e-08,0.0,0.0,7.766154844186942e-09,1.4433359091498126e-08,0.0,0.0,1.0871662153202548e-09,6.586290370559408e-09,3.536199123181047e-09,4.935579808522768e-09,2.105813506175347e-09,3.824891853891454e-09,2.3253246429988974e-09,2.3466088465105966e-09,1.997693216886754e-09,2.6605319500186884e-09,1.8156608005368327e-09,1.1401086224503228e-09,1.738744503582591e-09,1.2004513023557235e-09,1.042811199984623e-09,8.838758481470514e-10,7.984535267009493e-10,5.590642302209512e-10,4.744812745683171e-10,3.702246069166566e-10,3.2517108384603336e-10,2.5963394607667194e-10,2.435823166730029e-10,1.997968722559141e-10,1.430306021013207e-10,1.1920726667610389e-10,8.485404686977163e-11
0,0.72,0.3,0.7,-1.0,0.0,1.0,3.5,1.1099198994590654e-08,0.0,0.0,7.4158846697008826e-09,0.0,0.0,1.181616883042226e-09,4.595261001995646e-09,0.0,0.0,2.1864428473531492e-09,5.321146655669311e-09,4.966482581910992e-09,3.2575183989055437e-09,1.2805721070611354e-09,9.527608687417312e-10,1.0092716939718149e-09,1.4258277696183379e-09,1.2484408359372405e-09,8.393736772468558e-10,8.993488115525011e-10,1.1316079108170505e-09,7.668622838082207e-10,6.809599614988049e-10,5.666164616224719e-10,5.274055790362435e-10,4.5736528864230545e-10,3.7123334032390465e-10,3.617031968367633e-10,2.461702834610948e-10,2.4558931875014203e-10,1.9648507290075498e-10,1.5346828791835826e-10,1.3197310508582256e-10,1.0689683483371077e-10,8.063850930277326e-11,6.578522494931129e-11
0,0.72,0.3,0.7,-1.0,0.0,1.0,3.5,3.0934716417719015e-09,0.0,0.0,2.1816088861135805e-09,0.0,0.0,6.548670240644778e-09,6.662401835417016e-09,0.0,0.0,8.425212258839785e-09,3.49254015065766e-09,2.9294653123862823e-09,2.4131410511722673e-09,2.151455053196217e-09,1.845161968178718e-09,2.447622802753527e-09,1.8383322305222068e-09,1.116244165826969e-09,1.74855456587751e-09,7.959845986630685e-10,7.420549174649177e-10,8.244884869086623e-10,6.783612596961687e-10,6.950208659942162e-10,5.188240486109753e-10,4.891863625315036e-10,3.086929413844932e-10,3.165570862607458e-10,2.846118264143743e-10,2.1705435209299198e-10,1.963309901437508e-10,1.6860812454575886e-10,1.2614199681728278e-10,1.01506648523914e-10,8.700265546076191e-11,6.796833990331181e-11
0,0.72,0.3,0.7,-1.0,0.0,1.0,3.5,1.8707312559188752e-08,0.0,0.0,8.173829536764586e-09,0.0,0.0,8.086766668437256e-09,6.393215070070962e-09,0.0,0.0,1.7859977135117363e-09,1.1403627124042942e-09,3.3257169005049783e-09,1.6623330007859915e-09,2.3065662408829657e-09,1.7025392786253628e-09,1.1799093243562166e-09,1.8243213369312411e-09,1.167304004313636e-09,1.4154483138633427e-09,1.0410777943243619e-09,6.248686531829521e-10,6.535212520617549e-10,8.045243827662348e-10,4.740178608569847e-10,6.066047228478342e-10,4.812973365511522e-10,4.742465708817117e-10,3.2862890641690803e-10,3.1018733899587246e-10,2.24214679196917e-10,1.837657870542461e-10,1.4691834951451996e-10,1.372414449373935e-10,1.0463477924487453e-10,8.02504284653337e-11,6.913430858832143e-11
0,0.72,0.3,0.7,-1.0,0.0,1.0,3.5,5.008148464580997e-10,0.0,0.0,8.447192933897428e-09,0.0,0.0,8.076263635115e-09,2.046038936021159e-09,0.0,0.0,4.869400396926153e-09,3.6849647625257912e-09,2.78425119802739e-09,4.223208962212289e-09,3.1626840768912874e-09,1.0951264188933511e-09,1.3280285368564415e-09,1.2839707225449003e-09,1.498940196088814e-09,1.2529940563494426e-09,1.3618642430450201e-09,9.65498375586239e-10,9.590112477778407e-10,8.885971030522763e-10,8.239191848686185e-10,7.893601792551039e-10,6.108596069554807e-10,4.979092615879559e-10,4.235472280393533e-10,3.719293883060401e-10,3.451668775548756e-10,2.771264801756604e-10,2.3324235631138754e-10,1.7699731365476397e-10,1.3942413691725407e-10,1.2325608936250291e-10,9.406111924432399e-11
0,0.72,0.3,0.7,-1.0,0.0,1.0,3.5,6.963830961736496e-09,0.0,0.0,1.3333783269270436e-08,0.0,0.0,7.197356261406066e-09,1.528275235614561e-08,0.0,0.0,7.888987337279816e-09,6.9177541652515815e-09,5.906510573997394e-09,7.211847417952408e-09,7.766733236844855e-09,2.945260289711789e-09,4.4763442233126334e-09,2.1528149181222274e-09,3.7223846840146044e-09,2.4426529626791085e-09,2.461248375908203e-09,1.3107873928035377e-09,1.7864674698281007e-09,1.3900139952013895e-09,9.123302132166143e-10,8.927058990440849e-10,6.78764252540776e-10,5.241718207238834e-10,5.251427093434152e-10,4.0568619617726483e-10,3.486609403967184e-10,2.842083882144605e-10,2.501392815938612e-10,1.8218798533475445e-10,1.3851861235743796e-10,1.2115927383204768e-10,8.996740195147833e-11
0,0.72,0.3,0.7,-1.0,0.0,1.0,3.5,1.2975620271240655e-08,0.0,0.0,2.911148101875887e-09,0.0,0.0,6.4420310634469755e-09,1.398126655749829e-08,0.0,0.0,6.973293129058837e-09,1.0846592159457283e-08,6.773016939508137e-09,5.871667510457008e-09,3.9768525882207206e-09,4.523638030637825e-09,3.3499988271434064e-09,3.1157063217925797e-09,2.8237850462462063e-09,1.8249928263955401e-09,1.3256889589916756e-09,1.5128604894411287e-09,1.3722818009803243e-09,1.1099957377657216e-09,8.85561476437201e-10,7.353603470188551e-10,6.02816025999291e-10,4.751127909305845e-10,4.551588855842722e-10,3.611643512848437e-10,2.813842278546966e-10,2.299236623541e-10,1.8587029328776955e-10,1.7276662075667673e-10,1.1942603139907555e-10,9.77027790648884e-11,7.70185455973447e-11
0,0.72,0.3,0.7,-1.0,0.0,1.0,3.5,1.679529082696759e-08,0.0,0.0,4.499977798907746e-09,0.0,0.0,9.733088292876114e-09,5.926018510609856e-09,0.0,0.0,3.510787712027848e-09,2.673566134088876e-09,6.657102786043179e-10,2.5544833542475752e-09,3.0007535328769013e-09,4.010278468011989e-09,1.6509305417298548e-09,2.9847265257852728e-09,1.8620703513523051e-09,1.7472481834442255e-09,8.071003463835134e-10,8.146908027670217e-10,7.013203491737319e-10,9.046598364247414e-10,5.691125546192696e-10,7.6031638150408e-10,6.12317889082116e-10,5.087054972057177e-10,4.3412522218979217e-10,3.2315878375685e-10,2.870018080123879e-10,2.382793357353477e-10,1.8684520797347124e-10,1.506807817439727e-10,1.3039800746868834e-10,1.0395960948413432e-10,8.146999349502202e-11
0,0.72,0.3,0.7,-1.0,0.0,1.0,3.5,9.206160904697074e-09,0.0,0.0,1.240603036008071e-08,0.0,0.0,1.632496313737124e-08,3.7906235271345e-09,0.0,0.0,1.5879361205323655e-09,3.868742603268859e-09,2.745157063817341e-09,4.074018461233702e-09,1.73209363845452e-09,1.4251696656094412e-09,1.2295343596325777e-09,1.1439174104272429e-09,1.0530027612947127e-09,1.154705580941371e-09,1.2054414925871411e-09,5.782076689372372e-10,6.929253934481626e-10,6.826510175579381e-10,5.810443106702744e-10,5.547976517507093e-10,3.9938469746846954e-10,4.393665099611442e-10,3.07655911262428e-10,2.501530468999032e-10,2.101220245207142e-10,2.2339860009248075e-10,1.842414214722256e-10,1.4421970486756357e-10,1.1363122489039728e-10,8.916799074640129e-11,7.712811239708789e-11
0,0.72,0.3,0.7,-1.0,0.0,1.0,3.5,3.740242877245705e-09,0.0,0.0,1.0059185486620521e-08,0.0,0.0,2.6320498922703535e-09,3.689427190375852e-09,0.0,0.0,2.577718114920965e-09,1.2921436123943709e-09,1.6458163904815726e-09,1.3381469170450274e-09,1.2498078186647573e-09,2.469621122848321e-09,8.704362675983249e-10,1.0260272119586152e-09,6.409610536342272e-10,7.523625196621066e-10,1.100996623807477e-09,7.863805701441937e-10,5.118689872438585e-10,8.554287614916515e-10,4.82056058658525e-10,4.730747322056332e-10,4.367519077279185e-10,3.5036529480244624e-10,3.0382914461663817e-10,2.559854380122389e-10,2.1751071348690296e-10,1.9754814182144906e-10,1.5863684575099354e-10,1.2765599146295944e-10,1.008559612580235e-10,8.581091994952683e-11,6.656700226525645e-11
0,0.72,0.3,0.7,-1.0,0.0,1.0,3.5,1.3831012161861674e-08,0.0,0.0,6.13027552167457e-09,0.0,0.0,1.592677621284508e-09,5.277981033944267e-09,0.0,0.0,8.061865272389397e-09,5.1745468907417805e-09,4.1985015023637215e-09,2.2211193452735835e-09,8.543675540271358e-10,1.2742947320921744e-09,2.11356770755697e-09,1.1822173156655981e-09,1.2946032741044081e-09,1.5745123034626726e-09,1.0452388598707262e-09,9.339190716749295e-10,8.739423589619674e-10,7.987601921041378e-10,7.14801339296726e-10,6.255014623417206e-10,5.427942562619861e-10,4.6408120376455685e-10,4.640538248797719e-10,3.1114745283175736e-10,2.976980684779679e-10,2.5168485671743956e-10,1.8446198180592435e-10,1.498868336657155e-10,1.3845703667330726e-10,1.0028128699221928e-10,7.806884619243308e-11
0,0.72,0.3,0.7,-1.0,0.0,1.0,3.5,3.8600763249065636e-09,0.0,0.0,1.1926111431139832e-08,0.0,0.0,2.0862371944110892e-09,4.602836278204589e-09,0.0,0.0,1.5552845713569506e-09,2.2532860163136707e-09,3.901418103975707e-09,2.9717728808357618e-09,1.9774513853913386e-09,1.3860195545701133e-09,1.0173209441133121e-09,1.7482377389204741e-09,8.746221914909014e-10,1.540124006681624e-09,7.447603783489293e-10,7.988913389658353e-10,8.818380053295492e-10,4.881937319534957e-10,4.880517114761452e-10,6.120152020097243e-10,4.245576136084568e-10,2.828123519285325e-10,3.2260375928218683e-10,2.6367503932987404e-10,2.1632447946716482e-10,1.9564808446091044e-10,1.5131956257415676e-10,1.3480370584176518e-10,1.0204133336909382e-10,8.885440786744589e-11,6.761621442717917e-11
0,0.72,0.3,0.7,-1.0,0.0,1.0,3.5,3.3530413967254648e-09,0.0,0.0,1.2813371353576858e-08,0.0,0.0,1.0129149498869485e-08,2.414093803347005e-09,0.0,0.0,3.2936403533471048e-09,4.556131459676191e-09,1.992224014419875e-09,1.6530714789489088e-09,2.710073399614573e-09,2.465334701775514e-09,2.4628873877806646e-09,1.0263723571083319e-09,1.6149021476703365e-09,7.000052280640983e-10,1.0468773130687365e-09,8.638255875122295e-10,9.439793232244546e-10,7.793086603536383e-10,5.683402348169447e-10,5.865956422989113e-10,4.5882627379299946e-10,3.7349323797720124e-10,3.479211526037456e-10,2.465142497116034e-10,2.421329970200917e-10,2.0189636476536643e-10,1.6144408775003188e-10,1.3145064919999697e-10,1.1091271557970683e-10,8.515436770884468e-11,6.690151975920097e-11
0,0.72,0.3,0.7,-1.0,0.0,1.0,3.5,2.6812484758144206e-08,0.0,0.0,4.227081914374568e-09,0.0,0.0,7.987876838055533e-09,4.278251786321773e-09,0.0,0.0,5.689777507103136e-09,2.8905917155450656e-09,2.215753349532373e-09,1.5392853558447674e-09,3.112794570247646e-09,1.936784052453418e-09,9.21982417133898e-10,1.2246762284151649e-09,2.5544944289540256e-09,1.5438466224190467e-09,8.25517439831498e-10,1.4796169164643422e-09,6.510138832629966e-10,7.738142840372548e-10,5.492407248742208e-10,5.18475301556156e-10,5.120170072410872e-10,3.741759911615615e-10,3.145415676355079e-10,3.166559958617059e-10,2.7424318400350037e-10,2.38368517102651e-10,1.6303961637272805e-10,1.4188159353753075e-10,1.22051303293864e-10,9.793008831619107e-11,7.728353665474232e-11
